"","M_1_CTTCTTCTTCTTCTT_counts","M_11_GGMGGAGGAG_counts","M_13_CCACCACCACCACCA_counts","M_15_AAAAGGAAAAAAAAA_counts","M_17_AGAGAAGAGAGAAR_counts","M_23_AAAATAAAATAAAAT_counts","M_24_AACAAAAAAAAAA_counts","M_25_GAAGAAGA_counts","M_28_ATTAAAAAAAAAA_counts","M_30_AGTWGAAGWAGYWGH_counts","M_32_AATTAATTAAATTT_counts","M_33_AACAAAACAAAA_counts","M_34_ATTATTATTATATT_counts","M_35_ATAAATAAATAAAA_counts","M_4_AGAGAGAGAGAGAGR_counts","M_5_GAAGAAGAAGA_counts","M_6_GAAGAAGAGAGAGR_counts","M_7_CATCATCATCATC_counts","response"
"AT1G01080",3,0,0,1,1,0,0,5,1,1,1,0,0,0,0,6,4,0,2
"AT1G01120",0,0,1,2,2,2,2,0,2,2,0,2,2,0,3,1,1,0,5
"AT1G01300",2,1,0,1,4,1,1,3,0,0,1,0,1,0,1,4,2,0,3
"AT1G01470",0,1,0,0,0,1,1,0,0,0,1,2,0,2,0,0,0,0,5
"AT1G01610",3,0,0,0,1,0,0,0,0,0,0,0,0,0,1,1,4,1,4
"AT1G01620",1,0,2,2,5,0,0,1,0,1,1,0,2,2,2,3,6,0,5
"AT1G01720",1,3,0,0,0,0,0,0,0,0,0,0,0,1,3,0,1,2,5
"AT1G01830",1,0,0,4,1,2,2,1,2,1,1,2,1,2,2,4,2,2,4
"AT1G02475",1,0,0,5,0,2,2,2,2,1,2,2,2,3,2,3,3,1,4
"AT1G02780",0,0,0,5,1,4,4,0,4,0,2,2,2,2,1,1,0,0,2
"AT1G02820",0,0,1,3,2,1,1,0,0,0,2,1,2,1,1,1,2,0,6
"AT1G02900",1,0,0,1,1,1,1,0,0,0,0,3,0,2,1,1,0,1,3
"AT1G03130",0,0,0,0,0,0,0,1,0,0,1,4,0,0,1,1,1,1,1
"AT1G03220",1,1,0,0,0,0,0,2,0,0,1,1,0,1,0,4,4,1,1
"AT1G03475",2,1,1,3,3,1,1,2,0,2,1,1,1,0,3,7,5,6,3
"AT1G03600",2,4,4,7,7,2,6,1,5,3,0,5,0,2,7,3,4,4,1
"AT1G03680",0,0,0,1,1,1,1,1,2,0,1,1,1,1,1,1,3,0,1
"AT1G03940",1,1,1,2,1,1,1,1,1,0,1,0,0,2,2,4,3,0,4
"AT1G04220",1,1,0,1,0,0,2,0,0,0,0,0,0,0,2,0,2,0,6
"AT1G04270",0,0,0,1,1,2,1,0,1,0,0,0,0,0,0,0,0,1,2
"AT1G04570",2,0,0,1,2,1,1,0,0,1,0,0,0,0,2,2,4,0,5
"AT1G04800",1,16,13,0,0,0,0,0,0,4,0,0,0,0,0,1,1,2,2
"AT1G05100",0,1,0,4,0,3,3,0,7,1,3,1,4,3,1,0,0,1,5
"AT1G06040",1,1,1,0,3,0,1,0,2,2,1,3,1,0,4,2,4,2,1
"AT1G06620",0,0,0,2,0,2,2,0,2,0,1,2,1,2,1,0,0,0,3
"AT1G06640",2,0,0,3,2,1,0,1,2,1,0,2,0,1,0,5,1,0,3
"AT1G06680",1,0,0,0,1,0,0,0,0,0,0,0,1,0,1,2,2,2,1
"AT1G06950",1,1,1,0,2,1,0,1,1,0,0,0,1,1,2,4,4,1,2
"AT1G07040",2,0,0,1,1,0,2,3,1,2,0,1,1,0,2,3,3,2,6
"AT1G07050",2,0,0,1,1,0,2,3,1,2,0,1,1,0,2,3,3,2,2
"AT1G07320",1,0,0,0,2,0,0,1,0,1,0,0,0,0,3,2,3,0,3
"AT1G07430",4,4,1,2,1,1,2,7,0,2,1,0,0,0,2,8,7,3,5
"AT1G07985",3,0,0,1,1,0,0,3,0,3,0,0,0,0,1,4,2,1,6
"AT1G08230",1,0,0,0,2,1,0,0,4,1,0,1,3,0,2,2,4,0,6
"AT1G08360",1,0,0,1,0,1,2,1,0,0,0,2,0,0,1,1,1,0,2
"AT1G08380",1,0,2,2,1,2,3,1,1,1,1,2,0,1,2,4,3,0,1
"AT1G08520",2,2,1,0,2,0,0,4,2,2,2,3,2,3,2,5,6,1,1
"AT1G08550",1,1,0,2,0,1,1,2,1,1,1,1,1,1,2,2,2,0,1
"AT1G09070",1,0,0,4,1,0,2,2,0,0,1,2,0,1,3,5,2,0,5
"AT1G09750",0,2,1,0,0,0,0,0,0,1,0,0,0,0,0,0,0,1,2
"AT1G10410",1,0,0,2,1,0,3,2,1,1,1,2,0,2,3,2,1,2,4
"AT1G10470",2,3,1,0,3,1,0,2,0,0,0,2,1,2,2,3,3,2,3
"AT1G10585",0,0,0,1,1,0,1,0,1,0,2,1,0,0,5,1,0,0,4
"AT1G10650",4,0,1,11,3,2,6,5,2,1,2,6,2,2,4,5,4,1,6
"AT1G10760",0,0,0,3,1,4,4,0,1,0,2,2,1,1,0,0,0,0,1
"AT1G10960",1,0,0,2,0,1,1,1,0,0,0,0,0,0,2,1,2,0,4
"AT1G11670",0,0,1,2,0,1,1,0,1,0,0,1,0,0,2,0,1,0,3
"AT1G12090",0,0,0,0,0,0,2,0,0,0,0,1,1,0,0,0,0,0,2
"AT1G13090",1,0,1,2,2,1,3,0,4,0,4,3,0,2,1,0,2,0,4
"AT1G13270",0,0,0,3,1,0,1,1,0,0,1,2,0,1,0,1,0,0,3
"AT1G13609",0,0,0,3,0,3,3,0,6,0,4,4,4,5,1,0,0,1,2
"AT1G13930",0,0,0,4,0,4,2,0,3,1,3,1,3,2,1,0,0,1,1
"AT1G13990",1,1,2,2,1,0,1,2,2,0,1,1,0,0,2,4,3,1,6
"AT1G14150",0,2,1,1,0,0,1,0,0,1,0,0,0,0,0,0,0,2,1
"AT1G14730",0,0,0,0,2,0,0,0,0,0,0,2,1,0,1,2,1,1,6
"AT1G14810",1,0,0,0,0,0,0,1,0,0,0,0,0,0,2,2,2,0,2
"AT1G15820",4,35,22,0,3,2,0,0,0,1,1,0,0,1,3,5,10,6,1
"AT1G15930",1,1,1,1,2,0,1,1,2,1,0,0,0,0,2,1,2,0,2
"AT1G16030",1,0,0,0,1,0,0,1,0,0,0,0,0,0,0,2,2,0,4
"AT1G16320",1,0,0,1,2,1,0,0,0,0,2,0,1,0,0,4,3,2,6
"AT1G16410",0,0,0,1,1,0,1,0,4,0,2,1,0,2,1,0,1,0,3
"AT1G16850",3,0,0,1,3,0,0,1,2,1,0,0,1,0,4,3,3,1,6
"AT1G17020",0,0,0,4,0,0,2,0,1,0,1,0,1,2,0,0,0,0,4
"AT1G17100",0,0,1,1,0,0,0,0,0,0,0,3,1,1,0,1,0,1,4
"AT1G17650",3,2,0,0,1,0,0,2,0,1,0,0,0,0,1,3,3,0,3
"AT1G17840",2,1,1,7,3,4,4,3,3,0,3,6,3,5,4,6,3,0,6
"AT1G17870",1,0,0,0,1,1,0,0,0,1,0,0,0,0,0,3,1,1,6
"AT1G18500",3,1,3,0,1,0,1,2,1,1,0,0,0,0,1,2,4,0,2
"AT1G18540",2,0,0,1,1,3,1,1,3,2,5,3,1,4,0,2,3,0,2
"AT1G19020",1,1,0,0,2,0,0,0,0,1,0,0,0,0,0,1,3,2,5
"AT1G19050",0,0,0,3,2,5,2,0,4,0,1,0,1,3,2,0,1,0,3
"AT1G19350",1,1,1,2,1,1,1,3,1,1,0,0,0,0,4,2,4,0,4
"AT1G19670",0,0,0,2,1,2,2,0,4,0,0,2,0,1,2,0,2,0,2
"AT1G19960",2,1,3,0,0,0,0,0,0,2,0,1,0,0,0,3,2,1,3
"AT1G19970",1,0,0,1,0,0,1,1,0,0,0,0,0,0,2,2,1,0,5
"AT1G20030",2,0,0,0,0,0,0,2,2,0,0,0,1,1,1,3,2,0,1
"AT1G20340",1,2,2,0,0,1,0,0,1,1,0,0,1,1,1,0,0,0,3
"AT1G20440",7,0,1,0,4,0,0,2,0,2,0,0,0,0,1,8,6,2,5
"AT1G20450",7,0,0,2,3,0,0,7,0,1,0,1,0,0,2,8,7,2,5
"AT1G20840",0,0,0,0,1,1,2,0,1,0,0,1,0,1,2,1,1,0,2
"AT1G21000",1,0,0,2,3,4,2,1,3,1,2,1,3,1,4,2,2,0,6
"AT1G21100",1,2,1,2,0,1,3,0,2,0,2,4,1,2,1,0,1,1,1
"AT1G21130",1,0,0,2,2,0,1,0,0,0,0,0,0,2,2,1,1,1,3
"AT1G21250",1,0,0,0,1,0,0,0,0,1,0,1,0,0,2,1,1,1,4
"AT1G21310",1,29,16,0,0,0,0,0,0,0,0,0,0,0,0,7,18,3,2
"AT1G21400",0,2,1,0,1,0,0,0,0,1,0,0,0,0,0,1,2,1,5
"AT1G21410",1,1,0,2,1,2,1,1,1,0,1,1,1,2,0,1,1,0,5
"AT1G21460",1,0,0,4,6,3,4,0,4,1,2,3,1,3,3,6,5,0,4
"AT1G21500",1,2,1,0,0,0,0,1,4,1,0,2,1,0,2,2,2,0,3
"AT1G21900",2,0,0,3,0,2,4,0,1,0,1,4,0,1,0,2,2,1,4
"AT1G21980",2,0,0,0,1,0,0,3,0,2,0,1,0,0,1,3,3,0,5
"AT1G22360",0,1,0,1,0,0,0,0,1,1,2,3,2,0,0,0,1,0,1
"AT1G22470",0,0,0,3,1,0,1,0,0,1,2,0,2,2,0,0,0,0,6
"AT1G22690",0,0,2,1,0,1,0,0,3,1,1,0,0,0,0,2,1,2,2
"AT1G22770",0,1,0,1,1,2,1,1,6,0,4,1,2,4,1,2,1,2,3
"AT1G22990",0,1,1,5,2,0,3,0,2,0,2,1,1,3,2,0,2,0,5
"AT1G23020",1,0,0,0,2,1,2,1,1,1,2,2,2,1,0,1,1,2,2
"AT1G23040",0,3,4,0,0,0,0,0,0,0,0,0,0,0,0,0,1,0,6
"AT1G23800",1,0,0,2,2,2,1,1,1,1,0,1,2,1,3,1,1,0,6
"AT1G24020",1,0,0,1,1,0,0,0,0,1,1,1,0,0,1,1,3,2,2
"AT1G24280",1,0,1,2,5,1,2,4,2,1,2,1,1,2,3,7,9,2,3
"AT1G24580",2,0,0,0,2,0,0,1,0,2,0,0,0,0,3,2,3,0,5
"AT1G26560",1,0,2,2,2,2,4,0,2,1,3,4,2,3,1,1,1,1,6
"AT1G27030",0,0,1,1,1,2,1,0,2,1,0,1,1,3,3,0,1,0,1
"AT1G27200",3,1,0,3,1,1,2,4,1,0,2,5,1,2,1,4,6,0,5
"AT1G27290",1,0,0,4,2,3,2,1,3,0,0,4,0,2,2,1,3,1,6
"AT1G27300",5,1,0,7,6,4,4,4,3,1,0,8,0,2,3,5,7,2,6
"AT1G27760",4,2,0,4,5,1,4,6,3,0,1,3,3,2,6,9,9,1,6
"AT1G27950",1,1,1,3,1,4,3,0,4,1,1,2,3,0,0,0,0,3,4
"AT1G28400",0,0,0,0,0,0,0,1,0,4,0,0,0,0,0,0,1,0,2
"AT1G29195",0,0,0,1,3,1,0,1,0,0,1,1,2,2,0,1,0,0,6
"AT1G29418",1,0,0,0,2,0,1,0,0,0,0,0,0,1,1,1,3,1,2
"AT1G30320",1,0,0,3,3,5,4,1,3,1,1,3,3,6,3,2,1,1,5
"AT1G30360",2,1,0,1,3,1,2,0,1,1,1,1,1,1,5,2,2,1,5
"AT1G30510",3,3,0,1,1,0,1,1,2,2,3,3,1,2,2,2,4,1,3
"AT1G30700",1,1,1,0,0,0,0,0,0,0,0,0,1,0,0,3,1,0,3
"AT1G30820",1,0,0,2,3,5,3,1,8,0,9,4,7,9,5,1,3,0,1
"AT1G31330",0,3,0,2,2,1,3,0,2,1,1,3,1,1,3,1,2,0,1
"AT1G31690",0,0,0,3,0,1,3,0,0,0,1,0,0,0,0,0,0,1,3
"AT1G32060",2,1,0,3,2,4,5,2,2,0,0,6,0,0,1,4,4,1,3
"AT1G32080",3,0,1,0,3,1,0,0,1,1,2,0,1,1,1,4,2,1,1
"AT1G32470",1,0,0,2,0,1,1,1,0,0,0,3,0,0,1,1,1,0,3
"AT1G32520",0,0,0,1,0,0,1,0,0,1,2,1,0,1,0,1,0,0,4
"AT1G32790",1,4,3,1,1,0,0,2,1,3,1,0,0,0,1,4,4,1,4
"AT1G33110",0,3,0,0,1,0,2,0,0,0,0,1,1,0,2,2,2,0,6
"AT1G33140",1,0,1,6,4,2,3,0,4,0,1,5,3,5,3,2,2,1,2
"AT1G35580",2,1,1,3,4,0,2,3,0,0,0,1,1,1,2,4,5,0,2
"AT1G35680",0,0,1,0,2,0,0,1,0,1,0,0,0,0,2,1,2,0,3
"AT1G41880",1,0,0,1,0,0,0,0,1,0,0,1,2,1,3,1,1,0,2
"AT1G42970",1,0,0,1,0,1,2,0,2,0,2,1,0,1,1,0,2,1,3
"AT1G42990",2,2,0,2,1,0,2,2,0,1,0,0,0,1,2,6,5,2,5
"AT1G43170",0,0,0,2,1,2,3,0,0,0,1,2,1,2,0,1,1,0,2
"AT1G43670",0,0,1,2,1,0,0,0,0,0,0,1,0,0,1,0,1,1,1
"AT1G45000",1,0,8,3,0,6,4,0,7,1,8,1,7,3,0,1,0,5,4
"AT1G45201",0,0,0,1,0,5,4,0,4,0,6,2,4,5,2,0,0,0,3
"AT1G47128",1,1,2,5,1,1,5,3,6,0,2,0,1,1,1,3,3,1,6
"AT1G47510",0,1,0,5,1,8,4,0,14,1,6,4,6,7,0,1,0,1,6
"AT1G47960",1,0,1,1,2,1,0,0,2,1,1,0,0,1,2,1,2,2,6
"AT1G48330",0,0,0,1,1,2,1,0,2,0,0,2,1,0,2,1,3,0,1
"AT1G48350",2,0,1,3,1,1,3,2,4,0,2,2,1,2,2,2,1,0,3
"AT1G48600",2,0,0,1,0,0,1,1,1,0,2,1,0,0,2,2,3,0,3
"AT1G48920",2,5,5,0,3,0,0,1,0,1,0,0,0,0,2,3,4,2,2
"AT1G49760",0,0,2,0,0,0,0,0,0,3,0,0,0,0,0,0,0,1,2
"AT1G49860",0,0,0,5,4,2,3,0,4,1,3,2,2,2,3,0,1,3,1
"AT1G50740",2,1,0,1,0,0,1,2,0,2,0,1,0,3,0,3,1,0,5
"AT1G51110",1,0,0,1,0,0,2,1,0,1,1,3,0,0,0,2,2,0,1
"AT1G51140",1,0,1,1,2,1,0,0,1,0,0,1,0,0,2,1,3,2,5
"AT1G51500",0,1,1,0,0,1,1,0,0,0,1,1,1,0,2,1,1,0,5
"AT1G51610",0,0,0,4,1,3,3,1,2,0,2,0,3,3,0,1,0,1,3
"AT1G51700",0,1,0,3,1,11,2,0,11,0,12,3,9,11,2,2,3,0,5
"AT1G51710",0,0,0,3,2,3,2,0,2,1,0,2,1,2,1,1,0,0,4
"AT1G51830",0,0,0,6,0,5,2,0,7,0,1,1,6,8,1,0,0,0,1
"AT1G52230",1,0,0,0,0,0,0,1,0,1,0,0,0,0,0,1,1,0,3
"AT1G52400",0,0,0,1,1,1,0,0,0,0,0,0,1,1,2,0,0,0,2
"AT1G52827",0,0,0,2,1,3,1,0,1,0,0,0,2,0,0,0,1,1,5
"AT1G52855",1,0,0,4,2,1,1,2,2,0,1,1,1,1,1,2,2,0,5
"AT1G52890",0,0,0,3,0,4,2,0,5,0,2,0,1,5,0,0,0,0,5
"AT1G52930",0,0,0,0,3,0,0,0,0,1,0,0,0,0,2,1,1,1,2
"AT1G53210",1,0,0,1,1,0,2,2,0,0,0,0,0,0,0,4,4,0,5
"AT1G53240",3,0,1,2,3,1,0,1,0,2,1,4,1,2,4,3,6,1,2
"AT1G53440",1,0,0,3,4,0,2,1,2,0,1,0,1,0,1,0,3,1,3
"AT1G53470",1,0,0,4,1,5,2,0,6,1,5,4,0,4,2,0,0,0,6
"AT1G53560",1,3,0,1,0,1,1,0,4,0,1,1,4,2,2,2,1,1,6
"AT1G53580",3,1,0,0,2,0,0,3,0,2,0,0,0,0,1,4,3,1,6
"AT1G54030",2,1,1,0,1,3,0,1,6,0,8,0,5,8,0,1,1,0,2
"AT1G54120",0,2,0,3,2,1,3,1,1,2,0,1,0,1,2,2,3,1,6
"AT1G54410",1,1,1,4,2,0,0,0,1,0,0,4,5,2,2,3,2,0,1
"AT1G54580",1,1,0,1,1,5,2,0,1,1,2,0,2,2,1,1,1,0,2
"AT1G55020",2,1,0,1,1,1,1,1,2,0,0,0,1,1,2,2,2,2,2
"AT1G55110",2,0,0,5,3,2,7,2,1,1,1,4,3,2,2,7,5,6,5
"AT1G55490",1,0,0,2,3,1,1,1,3,0,1,3,3,0,1,1,4,0,3
"AT1G55670",4,2,0,0,0,0,0,3,0,4,0,0,0,0,2,4,3,0,1
"AT1G55910",1,1,0,0,2,0,0,1,0,0,0,2,0,0,1,1,1,2,4
"AT1G56045",1,0,0,0,1,0,0,1,0,1,1,0,1,0,0,1,2,0,2
"AT1G56070",0,0,1,0,1,0,2,0,0,1,0,1,1,1,1,1,1,1,2
"AT1G56110",7,2,1,2,3,1,1,6,0,2,0,1,1,0,1,10,9,3,2
"AT1G56190",3,2,1,0,1,2,1,0,1,0,0,0,2,2,3,2,3,0,3
"AT1G56600",0,0,0,5,0,4,6,0,4,0,3,4,2,4,0,1,0,1,5
"AT1G57660",0,1,0,1,1,1,0,0,2,0,3,3,0,1,2,0,2,0,2
"AT1G58360",1,0,0,4,1,3,3,1,4,0,4,1,3,4,2,2,1,1,6
"AT1G59710",1,2,2,0,1,0,1,0,0,1,0,1,1,0,2,2,1,2,4
"AT1G59870",1,0,0,1,4,1,0,0,0,0,1,0,1,1,1,2,3,1,3
"AT1G60190",2,2,2,0,2,0,0,2,0,2,0,0,0,0,1,3,4,0,5
"AT1G60750",0,0,0,0,0,4,2,0,5,0,4,0,4,5,0,0,0,0,4
"AT1G60940",2,1,0,0,0,0,0,2,0,2,0,0,0,0,0,3,3,2,6
"AT1G61520",1,0,1,1,2,3,2,3,4,1,1,4,4,3,3,4,4,3,1
"AT1G61800",2,0,1,0,1,0,0,1,0,1,0,1,1,0,1,2,2,0,4
"AT1G61890",0,0,0,2,1,1,2,0,2,0,5,4,2,6,1,1,1,2,5
"AT1G62560",0,0,1,2,0,0,2,0,1,0,1,1,2,3,0,0,1,1,3
"AT1G62660",0,0,0,2,0,2,2,0,5,1,3,2,5,1,1,0,2,0,1
"AT1G62750",4,6,2,2,1,5,2,5,1,3,1,2,3,2,4,9,4,3,2
"AT1G63010",1,0,0,2,1,3,1,2,1,0,1,4,1,2,0,3,2,0,6
"AT1G63090",0,0,0,2,0,1,2,0,1,0,1,1,1,3,2,0,0,0,5
"AT1G63840",0,0,0,3,1,3,2,0,3,0,2,1,3,6,1,1,0,1,6
"AT1G63940",4,4,3,0,4,0,0,2,0,0,0,1,0,1,3,2,3,3,2
"AT1G64110",3,2,1,1,2,1,1,2,2,5,0,1,1,1,3,3,5,1,6
"AT1G64230",1,0,0,1,0,1,0,1,1,0,1,1,0,4,4,1,2,2,5
"AT1G64390",3,0,1,2,2,4,0,2,3,0,4,0,4,2,2,6,4,1,3
"AT1G64500",1,2,3,0,1,1,0,0,0,0,0,4,0,1,1,0,2,2,4
"AT1G64510",0,1,0,0,1,0,0,0,0,0,1,0,0,0,1,0,2,1,1
"AT1G64520",0,1,0,0,1,0,0,0,0,0,1,0,0,0,1,0,2,1,4
"AT1G64720",1,0,0,9,4,7,6,1,13,2,5,5,5,5,3,3,6,1,5
"AT1G64850",0,1,0,2,2,1,2,1,1,0,0,1,0,0,2,0,1,0,6
"AT1G64860",0,1,0,2,1,1,2,1,1,0,0,1,0,0,2,0,1,0,4
"AT1G64950",1,1,1,2,2,4,3,1,8,0,4,0,3,4,1,3,3,1,4
"AT1G65490",0,0,1,1,1,1,1,1,3,0,0,1,2,3,0,2,1,0,4
"AT1G65840",0,0,0,2,0,4,3,0,5,0,6,1,2,8,2,0,0,0,3
"AT1G66200",0,0,2,0,0,1,1,0,4,1,2,0,1,2,1,0,0,0,2
"AT1G66580",1,0,0,0,1,0,0,1,0,0,0,2,0,0,0,3,2,2,4
"AT1G66760",1,0,0,4,1,0,2,2,1,0,0,2,0,0,1,3,5,0,5
"AT1G67300",0,0,0,1,1,3,3,0,2,0,5,3,2,4,0,1,0,0,6
"AT1G67700",0,2,1,0,2,0,0,0,0,0,0,1,0,0,1,3,1,2,1
"AT1G67740",0,0,2,0,3,2,1,0,0,0,1,1,0,1,3,0,2,0,3
"AT1G68050",2,1,0,1,0,1,0,1,0,1,0,0,0,1,1,2,1,0,1
"AT1G68440",1,1,1,5,1,4,3,1,1,3,4,1,2,2,5,3,3,4,6
"AT1G68500",1,1,0,1,3,0,0,1,0,1,0,0,0,0,2,4,4,1,6
"AT1G69160",3,3,1,0,1,1,0,0,0,2,2,2,1,1,1,3,4,2,6
"AT1G69200",3,1,0,0,3,0,0,3,0,1,0,0,0,0,2,5,3,2,2
"AT1G69260",3,4,2,0,3,0,1,2,1,1,0,0,1,0,2,7,5,2,5
"AT1G69295",0,1,0,0,0,0,2,0,1,0,1,1,0,1,2,1,0,0,6
"AT1G69830",1,0,0,0,1,1,1,2,0,0,1,1,1,0,1,2,3,0,3
"AT1G69840",1,1,0,1,1,1,1,4,0,0,1,2,1,4,0,3,3,0,5
"AT1G70490",0,0,0,0,0,2,0,0,1,1,5,1,3,1,0,0,0,0,4
"AT1G70600",2,1,0,0,1,0,0,3,0,2,0,1,0,0,1,2,5,1,2
"AT1G70700",0,0,1,0,0,1,2,0,2,0,1,0,0,2,0,1,1,1,1
"AT1G70830",1,1,0,0,1,0,1,1,1,0,0,0,2,0,1,1,2,0,3
"AT1G70850",0,0,0,2,0,0,1,0,3,1,1,1,1,1,1,0,0,0,1
"AT1G70890",1,1,0,1,1,0,0,1,0,1,1,0,0,0,2,2,1,1,3
"AT1G70940",0,0,0,2,0,3,1,0,4,0,3,1,4,3,0,0,0,0,4
"AT1G71260",1,0,0,0,0,0,0,1,0,1,0,1,0,0,0,2,1,1,2
"AT1G71360",0,2,0,0,3,0,0,0,0,2,0,0,0,0,2,0,6,0,5
"AT1G71880",1,0,0,4,1,3,2,1,3,0,1,4,0,1,3,1,3,0,4
"AT1G71950",0,0,1,0,1,2,1,0,7,0,2,2,1,3,1,0,0,0,5
"AT1G72150",1,3,1,1,7,1,0,2,1,2,0,0,0,1,4,7,9,1,4
"AT1G72680",1,0,0,1,0,0,2,1,0,0,0,0,0,0,0,1,1,0,6
"AT1G72930",0,0,0,1,0,1,1,1,0,0,0,1,1,0,1,2,0,1,4
"AT1G73330",0,0,0,3,1,4,5,0,8,0,7,3,6,6,0,0,0,0,1
"AT1G73480",3,6,1,1,3,1,0,1,2,1,1,0,0,2,0,4,5,2,5
"AT1G73530",1,0,0,1,1,1,1,1,1,0,0,2,0,0,0,1,1,0,1
"AT1G73600",0,0,0,6,0,1,5,0,8,0,5,1,5,4,3,1,0,0,2
"AT1G73885",0,2,1,2,0,1,0,1,2,0,0,2,0,0,1,1,2,1,3
"AT1G74000",1,0,0,1,3,2,1,0,3,0,1,3,2,3,2,2,1,0,4
"AT1G74010",1,0,0,2,1,4,1,2,1,0,3,1,2,2,1,1,2,0,4
"AT1G74070",0,1,1,0,2,0,0,0,0,0,0,0,0,0,0,0,1,0,2
"AT1G74310",0,0,0,1,0,0,2,0,0,0,0,1,1,0,3,0,0,0,4
"AT1G74460",2,0,0,3,3,2,4,0,2,1,1,3,1,1,3,2,3,3,3
"AT1G74470",1,0,0,3,1,2,3,0,2,1,1,1,1,1,2,0,1,1,3
"AT1G74730",0,2,1,1,2,3,0,0,1,0,1,0,1,1,3,1,1,1,3
"AT1G74790",0,0,1,2,2,1,1,2,1,0,2,2,2,2,5,3,2,0,6
"AT1G74880",1,0,0,3,5,2,1,2,0,1,0,2,0,1,4,3,2,3,3
"AT1G74970",0,1,0,1,1,0,1,2,0,0,1,0,0,0,2,3,5,0,1
"AT1G75330",2,2,0,0,1,0,0,1,0,0,0,0,0,0,2,2,4,1,3
"AT1G75350",3,1,1,2,2,0,1,2,0,3,0,3,0,0,1,5,1,4,1
"AT1G75390",2,0,0,3,3,2,1,0,1,0,0,0,4,1,1,1,2,0,4
"AT1G75500",0,0,0,2,0,3,1,0,0,0,2,1,3,1,1,0,1,0,2
"AT1G76180",4,1,0,2,2,0,3,2,1,1,4,0,1,3,1,3,8,0,5
"AT1G76680",1,0,0,1,2,2,0,0,4,1,0,1,1,0,1,1,1,0,4
"AT1G76930",1,15,5,1,1,1,1,2,1,0,0,3,1,1,2,4,5,0,2
"AT1G77120",0,0,0,1,2,0,0,0,2,1,1,1,3,1,2,2,0,0,6
"AT1G77510",1,0,0,0,2,0,0,1,0,1,0,1,0,0,2,1,3,1,4
"AT1G77530",0,1,0,3,1,3,1,0,7,0,4,2,7,8,1,0,1,0,3
"AT1G78070",2,1,0,3,1,5,1,1,7,1,3,2,4,3,2,1,2,0,5
"AT1G78340",10,0,0,0,0,0,0,5,0,5,0,0,0,0,0,14,10,5,2
"AT1G78610",1,0,0,3,1,2,0,3,3,1,2,1,2,2,2,2,2,1,6
"AT1G79040",0,1,1,0,1,0,0,1,0,0,2,1,2,0,4,1,1,0,1
"AT1G79270",2,0,0,1,2,1,0,2,1,0,0,1,1,1,2,4,1,0,5
"AT1G79520",1,1,0,1,0,0,1,1,0,0,2,0,0,1,2,3,2,1,6
"AT1G79900",3,1,2,5,4,3,4,3,3,1,3,5,1,5,5,3,7,5,6
"AT1G80130",0,2,2,0,0,0,0,0,0,0,0,0,0,0,0,0,0,0,4
"AT1G80160",1,2,0,1,3,0,0,2,2,1,0,2,2,2,1,2,2,1,6
"AT1G80480",0,0,2,0,2,0,0,0,0,0,0,0,1,0,3,1,3,4,3
"AT2G01490",0,0,0,1,1,0,3,0,1,0,0,2,0,1,2,2,1,1,6
"AT2G01520",0,1,0,1,2,0,3,0,0,0,1,0,2,0,1,0,1,0,1
"AT2G02810",1,0,1,2,1,0,1,1,1,1,0,4,1,0,0,2,1,0,4
"AT2G03090",0,0,1,3,0,0,1,0,2,0,2,0,0,2,1,0,2,0,2
"AT2G03440",1,2,0,3,0,0,3,1,1,1,3,0,0,0,0,2,2,1,1
"AT2G04160",2,0,0,3,1,3,3,3,2,2,0,0,1,2,1,2,2,0,4
"AT2G05380",1,4,1,0,0,0,0,0,0,1,0,0,0,0,1,3,2,1,4
"AT2G05440",0,7,6,0,0,0,0,0,0,0,0,0,0,0,1,1,2,0,1
"AT2G05510",0,5,1,0,0,0,0,0,0,0,0,0,0,0,1,2,2,0,4
"AT2G05520",1,3,0,0,0,0,1,0,0,3,0,1,0,0,0,1,1,1,6
"AT2G05840",1,0,0,2,1,3,2,1,3,1,5,1,3,1,0,3,1,0,4
"AT2G06050",1,0,1,0,0,0,1,1,0,1,1,0,1,0,0,2,2,0,3
"AT2G11910",8,5,1,2,6,5,0,6,4,2,4,0,3,2,5,15,10,4,2
"AT2G14247",0,1,1,3,2,3,2,0,3,0,1,3,2,1,0,0,1,0,2
"AT2G16600",0,0,0,1,2,0,1,1,0,0,0,0,0,0,3,1,2,0,2
"AT2G16630",1,0,0,3,1,0,2,1,1,0,1,2,1,0,2,1,2,0,6
"AT2G16660",2,0,1,1,1,1,1,1,1,1,1,1,1,1,1,2,2,0,3
"AT2G17360",1,2,0,1,0,0,1,1,1,2,0,1,0,1,3,1,6,1,2
"AT2G17500",1,1,1,1,2,0,0,1,1,2,0,0,0,0,1,2,2,0,6
"AT2G17840",1,1,0,0,1,0,0,1,1,2,0,1,0,0,2,2,1,0,5
"AT2G18050",0,0,1,3,0,6,3,1,9,0,4,2,1,6,0,1,1,0,5
"AT2G18230",2,1,0,3,2,2,0,2,0,1,0,2,0,0,2,3,3,0,4
"AT2G19310",2,0,0,1,2,0,0,1,0,0,0,1,0,0,0,2,2,0,4
"AT2G19730",0,0,0,1,0,0,1,0,0,0,0,3,0,0,1,0,1,0,2
"AT2G19830",0,0,0,2,1,2,2,1,8,0,2,2,3,2,1,1,1,0,6
"AT2G19900",0,1,0,0,0,1,1,1,0,0,1,1,0,1,2,1,1,1,6
"AT2G21045",0,0,0,1,1,2,1,0,2,1,0,2,3,2,1,0,0,1,1
"AT2G21170",1,1,1,0,3,0,0,1,0,1,0,0,0,0,4,1,3,1,3
"AT2G21620",1,1,1,0,2,2,2,0,1,0,0,3,0,0,1,1,1,0,6
"AT2G21660",1,12,9,3,1,0,0,0,2,0,2,2,2,3,0,2,5,1,3
"AT2G21790",2,1,1,0,0,0,0,2,0,1,1,1,0,0,0,3,2,1,3
"AT2G21820",0,0,0,2,0,2,2,0,0,0,2,0,1,0,1,0,0,0,5
"AT2G21970",0,1,2,1,0,0,0,0,0,1,0,1,0,0,0,1,0,1,4
"AT2G22170",4,5,2,3,2,2,3,0,2,1,3,2,1,1,3,4,4,2,2
"AT2G22430",2,1,1,1,3,0,1,1,1,2,2,2,0,0,3,2,4,2,5
"AT2G22470",0,1,2,1,1,0,1,0,0,3,1,0,0,1,0,2,0,2,6
"AT2G22500",1,1,0,4,2,2,3,1,7,0,0,0,4,3,3,2,2,0,5
"AT2G22860",0,0,0,2,0,2,0,0,1,0,1,2,2,2,0,0,0,0,5
"AT2G23000",1,0,0,4,0,2,2,1,0,0,1,2,1,1,0,2,1,1,4
"AT2G23090",1,0,0,5,1,2,6,1,2,1,1,1,3,1,1,2,3,0,4
"AT2G23130",1,1,1,0,1,0,2,0,1,6,1,2,0,0,1,0,2,2,4
"AT2G23150",2,1,0,3,1,0,0,1,2,0,1,1,0,2,0,2,2,0,6
"AT2G23340",0,2,0,0,0,2,0,0,3,0,3,1,3,3,0,2,4,0,5
"AT2G23350",2,2,1,1,2,0,1,0,1,1,0,0,0,1,0,3,1,1,2
"AT2G24060",2,3,2,2,2,6,2,2,4,1,6,0,5,5,2,5,2,1,3
"AT2G25110",1,2,0,0,0,0,0,1,0,1,1,0,0,0,1,3,1,1,4
"AT2G25980",0,0,0,2,0,3,1,0,3,0,0,2,1,0,0,0,0,0,1
"AT2G26080",0,2,0,1,1,0,1,1,0,0,0,1,0,1,1,0,2,0,4
"AT2G26240",1,1,1,1,0,0,0,1,0,2,0,1,0,0,0,2,3,1,1
"AT2G26250",0,0,0,2,1,0,4,0,1,0,0,3,0,0,1,0,0,1,5
"AT2G26500",1,1,0,4,3,6,1,0,6,1,5,2,7,7,3,1,1,1,3
"AT2G27080",0,0,0,2,3,2,1,0,4,0,2,1,6,3,1,1,1,0,5
"AT2G27530",2,0,0,2,0,0,2,2,2,0,0,1,0,0,1,2,3,0,2
"AT2G27710",2,2,2,1,1,1,1,0,4,1,3,2,4,1,1,2,1,1,2
"AT2G27720",4,5,4,3,3,2,1,0,1,2,0,2,0,0,2,3,5,1,2
"AT2G28320",1,0,1,0,1,0,0,1,1,0,0,1,0,0,1,1,2,2,6
"AT2G28400",0,0,0,1,0,2,2,0,5,0,4,1,7,6,0,0,0,0,5
"AT2G28720",3,0,0,0,1,0,0,3,0,0,0,1,0,0,0,4,3,1,3
"AT2G28800",2,3,1,1,2,1,1,1,1,3,0,1,1,1,0,2,2,2,1
"AT2G28840",1,0,0,4,2,2,3,2,2,2,2,2,0,1,1,1,2,1,1
"AT2G29170",2,0,0,0,0,0,0,2,0,1,0,2,0,0,2,4,3,2,3
"AT2G29350",0,1,0,1,0,1,1,0,2,0,0,0,0,3,2,1,0,1,4
"AT2G29500",0,0,0,2,2,0,1,0,1,1,0,1,0,0,3,2,2,0,4
"AT2G29630",1,0,1,0,1,0,0,1,0,0,0,1,0,0,0,1,1,2,3
"AT2G30010",1,0,0,1,2,0,0,0,0,1,0,1,0,0,2,1,2,1,3
"AT2G30490",1,1,2,2,1,2,1,1,0,2,1,3,0,1,0,3,2,1,4
"AT2G30570",3,2,1,0,2,0,1,1,0,2,0,1,0,0,0,2,4,2,1
"AT2G30860",0,0,0,1,1,1,0,0,2,0,2,0,3,0,2,1,2,1,3
"AT2G31040",0,0,0,3,0,7,3,0,10,0,10,0,8,6,0,0,0,1,1
"AT2G31200",3,0,1,1,0,2,1,0,2,2,1,1,0,0,3,2,5,1,6
"AT2G31360",1,3,2,0,3,0,0,1,0,0,0,0,1,1,3,1,3,0,3
"AT2G31380",0,0,0,0,4,0,0,1,0,3,0,1,0,0,2,1,1,2,4
"AT2G31560",1,3,3,1,2,0,3,1,1,1,0,4,1,0,0,2,2,4,6
"AT2G31610",0,0,1,0,0,1,0,0,1,1,1,0,1,1,0,0,1,1,2
"AT2G32060",0,0,0,3,3,2,3,0,1,0,0,1,1,0,2,1,1,0,2
"AT2G32190",0,0,0,1,2,1,2,0,1,0,1,2,1,1,1,0,0,0,5
"AT2G32210",0,0,1,3,1,2,3,1,1,1,2,3,2,2,1,3,1,1,5
"AT2G32510",0,0,0,2,2,1,2,0,0,0,0,1,0,0,1,0,1,0,5
"AT2G32530",0,0,0,0,1,0,2,1,1,0,1,1,0,2,1,1,2,1,4
"AT2G33330",0,0,1,3,2,1,1,0,3,1,0,1,2,1,3,1,1,0,2
"AT2G33370",1,0,1,1,0,2,1,0,1,0,2,1,1,1,0,1,1,0,2
"AT2G33700",1,0,0,1,0,0,0,1,0,0,0,1,0,0,2,1,2,1,6
"AT2G33800",1,1,1,0,3,1,0,1,1,0,0,0,1,0,4,2,6,1,3
"AT2G33850",1,0,1,1,3,0,1,1,0,0,0,0,0,0,5,1,2,0,2
"AT2G34250",1,0,0,1,1,0,1,1,0,1,1,1,1,1,1,2,1,0,4
"AT2G34430",0,0,0,0,1,0,0,0,0,0,0,0,0,0,2,1,0,2,1
"AT2G34660",0,0,0,1,2,1,2,0,3,0,3,2,3,3,3,0,1,0,4
"AT2G34810",0,1,1,1,0,1,2,0,0,0,0,1,1,1,0,0,0,1,6
"AT2G35060",0,0,0,1,2,0,1,1,0,2,0,1,0,0,0,3,1,1,6
"AT2G35070",1,0,0,2,1,1,4,0,0,0,2,2,2,2,3,1,2,0,5
"AT2G35370",1,0,0,0,2,0,0,2,0,1,0,3,0,0,3,6,4,0,3
"AT2G35840",1,1,0,2,1,2,0,0,4,0,2,2,2,3,0,0,0,0,5
"AT2G35940",1,0,0,6,2,5,2,1,4,3,1,3,3,6,4,2,1,2,5
"AT2G36120",1,23,13,0,0,0,0,0,0,1,0,0,0,0,2,1,3,5,3
"AT2G36145",0,4,2,0,0,0,0,0,0,1,0,0,0,0,0,1,2,1,3
"AT2G36160",0,0,0,1,0,1,0,0,0,1,1,0,1,0,1,0,0,0,2
"AT2G36170",1,0,0,1,0,1,2,1,0,1,1,3,0,0,1,1,1,0,2
"AT2G36380",1,0,0,1,3,6,2,1,3,0,4,0,3,8,3,2,3,0,2
"AT2G36630",1,0,0,2,3,3,1,0,2,0,1,1,2,2,3,2,2,3,6
"AT2G36750",1,0,0,5,1,2,4,0,1,0,0,6,1,1,1,2,3,0,4
"AT2G36895",1,1,1,1,2,0,0,1,0,1,0,2,0,0,3,2,2,0,6
"AT2G37110",1,2,1,1,1,0,1,2,1,2,0,1,0,0,3,4,3,0,5
"AT2G37170",0,0,1,2,1,0,1,0,0,1,2,4,2,1,0,0,1,0,4
"AT2G37180",0,1,0,1,0,1,4,0,0,2,1,3,1,1,0,0,1,0,4
"AT2G37220",3,0,0,2,3,3,2,3,0,1,3,1,1,2,2,3,5,2,3
"AT2G37470",2,0,0,0,1,0,0,2,0,1,0,0,0,1,1,3,3,0,1
"AT2G37600",3,0,1,3,5,1,2,4,2,1,2,4,3,6,7,7,6,2,2
"AT2G37660",4,1,0,2,1,0,0,1,0,0,1,2,0,0,2,2,2,1,3
"AT2G37770",0,0,0,1,1,0,2,0,0,1,0,1,0,0,0,1,1,0,4
"AT2G38140",2,0,2,0,4,0,0,3,0,0,0,0,0,0,2,4,4,0,3
"AT2G38250",4,2,1,2,7,1,2,4,3,1,1,0,0,2,8,5,10,3,6
"AT2G38310",0,1,1,0,1,0,0,0,0,0,0,0,0,0,2,1,3,1,3
"AT2G38380",2,2,1,2,0,0,1,0,1,1,1,0,2,1,0,1,3,2,2
"AT2G38390",0,1,1,0,0,1,1,0,1,1,1,1,2,0,1,1,2,2,1
"AT2G38740",1,0,0,1,0,0,1,0,2,0,4,3,4,1,0,0,1,1,6
"AT2G39010",1,2,0,1,1,0,0,1,1,0,1,0,0,2,1,1,1,1,5
"AT2G39020",0,1,1,0,0,1,1,0,3,0,1,0,1,1,1,0,0,0,6
"AT2G39050",0,0,0,2,1,7,1,0,15,0,10,3,13,15,0,2,0,0,6
"AT2G39270",2,1,1,0,5,0,1,2,0,0,0,0,0,0,3,4,4,1,6
"AT2G39310",6,2,1,1,1,1,1,1,0,3,1,0,0,1,2,6,5,1,3
"AT2G39350",1,1,2,0,0,0,0,1,1,1,0,2,0,2,0,2,2,3,6
"AT2G39390",1,0,0,2,3,2,0,1,1,0,0,0,2,0,1,1,2,0,2
"AT2G39420",1,2,0,1,0,2,1,1,1,0,0,1,0,0,0,1,0,0,1
"AT2G39450",0,1,0,1,0,1,1,0,0,0,0,0,0,0,1,0,0,0,5
"AT2G39460",0,1,1,1,0,1,1,0,1,0,0,0,0,0,1,0,0,0,2
"AT2G39700",1,3,2,5,4,2,1,0,2,0,2,2,3,3,4,3,4,1,2
"AT2G39900",1,0,0,1,2,0,2,1,2,0,0,0,1,1,3,2,3,1,3
"AT2G40000",2,1,3,2,0,0,3,0,1,0,0,0,1,1,2,2,3,2,5
"AT2G40080",1,0,0,1,2,0,2,1,1,2,0,3,0,0,6,1,4,0,1
"AT2G40490",0,0,0,0,0,1,0,0,1,0,0,2,0,1,1,1,0,0,3
"AT2G40840",0,0,1,1,2,0,1,1,1,1,0,0,0,1,3,1,1,1,3
"AT2G40880",2,0,0,0,2,0,0,1,0,0,0,1,0,0,2,1,3,1,5
"AT2G41170",0,0,0,1,1,0,2,0,1,0,0,1,0,0,3,0,1,1,5
"AT2G41190",1,0,0,2,0,0,0,0,0,0,0,0,0,0,0,1,1,1,5
"AT2G41410",3,1,1,4,3,5,4,2,2,0,1,2,2,1,3,2,4,0,6
"AT2G41420",1,1,0,2,1,3,1,0,2,0,1,2,1,0,1,2,1,0,5
"AT2G41560",0,1,0,1,1,0,1,0,0,0,0,0,0,0,2,0,1,0,3
"AT2G41680",2,5,1,0,1,0,0,1,1,1,0,0,0,0,0,2,3,1,2
"AT2G41840",0,1,2,1,0,0,1,1,0,1,2,2,1,2,0,2,2,1,2
"AT2G41870",1,1,0,3,4,3,2,1,2,2,1,3,2,4,6,5,5,0,5
"AT2G42560",2,3,0,0,4,0,0,1,0,7,0,0,0,0,5,5,7,1,6
"AT2G42790",0,1,1,3,1,1,1,1,2,0,2,2,2,0,2,2,0,0,6
"AT2G42840",2,6,3,0,1,0,0,0,0,2,0,0,0,0,2,1,2,2,3
"AT2G42975",4,0,1,1,0,1,0,2,0,3,0,0,1,0,0,5,5,3,5
"AT2G43030",0,0,0,1,5,0,0,2,0,0,2,1,2,3,0,2,2,0,3
"AT2G43100",0,1,1,2,2,1,0,0,0,1,0,3,0,0,4,0,0,1,3
"AT2G43150",0,62,35,0,0,0,0,0,0,6,0,0,0,0,0,6,11,5,2
"AT2G43340",3,0,0,1,2,0,0,3,0,0,0,1,0,0,3,4,4,0,4
"AT2G43550",1,2,1,2,0,0,1,1,1,0,1,0,0,2,1,2,5,0,3
"AT2G43560",1,0,0,1,0,0,1,0,1,2,0,2,0,1,1,1,1,0,1
"AT2G43820",0,0,0,2,1,0,0,1,2,0,0,2,0,2,1,2,1,1,6
"AT2G44040",0,1,0,0,1,0,1,0,1,0,0,1,1,0,1,0,1,1,3
"AT2G44120",1,0,0,5,2,1,3,2,2,1,1,3,2,2,3,5,4,0,2
"AT2G44290",0,2,2,4,0,3,6,0,7,2,7,3,5,6,2,0,0,2,4
"AT2G44790",0,0,0,2,1,2,1,0,2,1,2,1,0,0,0,1,0,1,2
"AT2G44860",2,0,0,0,1,2,1,1,2,0,1,3,0,1,1,2,1,0,2
"AT2G45180",1,0,0,2,1,1,1,1,0,1,0,4,0,0,0,1,2,0,3
"AT2G45470",2,0,0,0,3,0,0,1,0,0,0,0,0,0,3,3,4,0,2
"AT2G45560",1,1,0,2,1,5,2,1,5,0,1,2,1,2,2,0,2,0,1
"AT2G45820",1,2,0,0,0,0,0,1,0,1,0,0,0,0,0,1,1,0,5
"AT2G45960",1,0,0,1,1,3,1,1,1,0,2,0,0,2,2,2,3,0,4
"AT2G46170",1,5,3,1,1,3,1,1,3,0,2,0,2,2,2,5,8,2,1
"AT2G46270",1,0,0,1,3,0,2,2,0,1,0,0,0,0,6,3,2,1,5
"AT2G46600",3,1,1,0,0,0,0,2,1,0,1,0,0,1,1,3,3,3,6
"AT2G46680",1,1,0,2,0,1,0,2,0,1,0,0,1,2,1,1,1,1,5
"AT2G46820",0,0,0,2,1,2,2,0,1,0,1,2,1,0,3,2,1,0,1
"AT2G46890",2,1,0,0,1,0,0,2,0,3,0,0,0,0,0,2,2,2,2
"AT2G47390",0,1,1,1,2,2,0,0,3,0,2,1,2,2,4,1,2,0,3
"AT2G47400",0,1,1,1,2,2,0,0,3,0,2,1,2,2,4,1,2,0,1
"AT2G47440",2,2,0,0,0,0,0,0,0,1,0,0,0,0,0,2,2,0,4
"AT2G47485",1,3,2,2,0,0,2,1,3,0,1,2,0,0,2,2,1,2,5
"AT2G47590",0,1,1,4,4,5,0,1,3,1,2,1,3,3,3,4,5,0,3
"AT2G47610",0,0,0,2,2,4,2,1,7,0,8,3,5,10,0,0,2,1,2
"AT2G47650",1,1,0,3,1,3,1,0,4,1,3,0,1,4,0,3,3,1,3
"AT2G47710",4,1,3,2,2,2,3,4,3,1,1,2,1,3,2,4,5,0,6
"AT2G47730",4,1,3,2,2,2,3,4,3,1,1,2,1,3,2,4,5,0,5
"AT2G47780",2,1,1,0,0,0,0,2,0,1,0,0,0,0,1,3,2,2,5
"AT2G47800",4,2,2,2,4,0,2,1,1,1,0,1,0,0,3,4,8,0,6
"AT2G47940",1,1,0,1,1,0,1,0,1,1,0,0,0,0,2,2,3,0,3
"AT2G47950",1,1,0,1,1,0,1,0,1,1,0,0,0,0,2,2,3,0,6
"AT3G01310",1,0,0,1,2,2,2,1,1,1,2,3,3,1,3,3,2,1,1
"AT3G01420",0,0,0,0,0,0,0,0,0,0,0,0,0,0,0,2,0,1,1
"AT3G01470",0,1,0,0,1,0,0,0,0,0,0,1,0,0,1,3,1,0,6
"AT3G01480",1,1,0,0,3,0,0,2,0,0,1,0,0,0,3,3,1,1,3
"AT3G01500",2,2,1,2,5,0,0,2,1,0,0,0,0,0,5,2,6,1,3
"AT3G01520",2,3,4,0,1,0,1,0,1,0,1,1,0,1,2,4,3,2,6
"AT3G02020",0,0,0,0,3,1,0,1,0,0,0,0,1,0,1,1,1,0,3
"AT3G02080",1,1,1,0,1,0,0,0,1,0,0,0,0,0,1,1,0,0,2
"AT3G02360",0,1,2,1,0,0,2,0,0,0,1,2,1,0,2,0,0,0,6
"AT3G02480",1,0,0,7,1,4,4,0,4,0,0,2,3,2,2,1,1,0,6
"AT3G02730",1,3,1,4,1,0,2,1,1,1,1,0,2,3,1,2,1,0,3
"AT3G02830",3,0,0,3,3,3,0,3,1,1,3,2,2,2,1,4,2,1,4
"AT3G03470",4,2,0,1,5,0,0,3,1,2,0,0,0,1,8,4,6,2,6
"AT3G03640",2,0,0,1,0,2,2,2,3,2,3,2,1,3,0,2,2,0,6
"AT3G03780",1,0,0,0,2,1,0,1,1,0,0,0,3,1,2,1,2,0,2
"AT3G04290",0,0,0,1,1,0,3,1,0,0,0,0,0,0,0,1,2,0,2
"AT3G04400",2,1,0,4,1,3,4,0,6,0,1,0,6,1,1,0,2,2,2
"AT3G04550",4,1,2,2,2,0,1,2,1,3,1,2,0,0,2,7,4,3,2
"AT3G04650",0,7,2,0,0,0,0,0,1,0,0,0,0,0,0,2,1,0,3
"AT3G04790",1,0,1,1,0,1,2,0,0,1,0,1,0,0,0,3,3,0,2
"AT3G04840",0,1,0,3,1,2,0,1,4,0,3,0,2,1,0,0,1,0,2
"AT3G04870",0,0,0,4,1,9,5,0,6,0,6,3,10,12,0,0,0,0,6
"AT3G05500",2,0,1,6,2,4,4,2,3,2,1,1,2,3,1,3,1,2,5
"AT3G05560",1,1,0,1,0,2,2,1,1,1,0,2,0,0,1,1,1,0,2
"AT3G05590",2,0,1,0,2,0,1,1,3,0,0,4,1,3,2,2,3,3,2
"AT3G05660",4,0,1,0,0,0,0,0,0,0,0,0,0,0,1,2,2,4,4
"AT3G05730",0,0,1,3,0,3,3,0,1,0,2,1,3,4,1,1,0,0,3
"AT3G05840",0,0,0,4,4,3,3,0,5,0,3,1,3,2,3,2,1,1,5
"AT3G05910",2,0,1,3,4,2,2,2,4,3,1,8,1,3,5,2,4,3,4
"AT3G06300",0,0,0,2,1,0,1,1,2,0,0,1,1,1,1,1,0,2,2
"AT3G06510",1,0,0,4,1,2,0,1,3,0,3,1,2,1,1,1,1,0,4
"AT3G06760",0,0,0,0,1,0,0,1,0,0,0,0,0,1,1,1,1,0,5
"AT3G06810",1,0,0,1,0,1,0,2,0,0,0,0,0,0,0,1,2,0,6
"AT3G06980",3,2,0,1,4,1,1,1,2,3,2,0,2,2,0,3,5,3,2
"AT3G07110",1,0,0,1,1,1,0,1,0,1,0,0,0,0,0,1,1,0,2
"AT3G07430",0,0,2,1,4,0,3,1,1,0,1,1,5,5,4,1,2,0,2
"AT3G07560",2,0,0,2,5,1,0,2,0,1,0,2,0,1,3,2,4,1,6
"AT3G07650",2,0,0,3,2,1,1,3,3,1,2,3,6,4,3,4,4,1,1
"AT3G08520",3,0,1,0,1,0,1,1,0,1,0,2,0,1,1,4,1,1,2
"AT3G08590",3,1,0,8,3,0,5,5,1,3,1,2,1,0,6,9,9,2,4
"AT3G08690",1,2,1,1,3,0,1,1,0,2,0,4,1,1,2,2,1,1,6
"AT3G08740",0,0,0,4,1,3,4,0,2,0,2,8,0,0,2,1,2,1,3
"AT3G08920",0,0,0,3,2,0,2,0,2,0,0,0,1,1,1,2,0,0,3
"AT3G09200",1,1,1,0,1,0,1,3,1,2,0,1,0,0,1,4,5,0,2
"AT3G09270",0,1,2,5,1,2,4,1,0,0,0,0,1,1,1,3,3,1,2
"AT3G09500",1,0,0,0,2,0,0,0,0,2,0,0,0,0,0,1,0,2,2
"AT3G09630",3,1,4,0,2,0,0,1,0,2,0,0,0,0,5,7,6,5,2
"AT3G09770",1,3,5,3,2,0,2,1,0,2,0,0,0,1,1,1,4,2,6
"AT3G09840",1,0,0,2,2,0,0,1,0,0,0,1,1,0,1,1,1,0,6
"AT3G10060",0,1,2,0,0,0,0,0,2,1,0,1,0,1,1,1,1,0,1
"AT3G10520",0,0,1,1,2,1,0,0,0,1,1,0,1,0,1,1,0,0,3
"AT3G10720",0,3,3,1,2,0,1,0,0,0,0,1,0,0,1,2,1,0,3
"AT3G11120",2,1,0,0,1,0,0,2,0,0,0,0,0,0,0,4,3,0,2
"AT3G11170",1,0,0,2,2,0,3,1,0,1,2,6,2,0,0,3,2,1,3
"AT3G11410",1,0,0,1,0,0,2,2,2,1,0,2,0,0,1,0,1,2,5
"AT3G11420",1,2,0,2,0,2,2,3,1,2,0,2,1,0,2,3,3,0,5
"AT3G11630",4,0,1,1,4,1,1,1,1,3,0,1,0,0,1,4,9,1,3
"AT3G11660",2,4,1,2,1,3,1,0,3,2,1,1,2,0,1,1,3,1,6
"AT3G11930",0,0,0,2,1,2,1,0,0,0,0,1,1,1,1,0,1,0,6
"AT3G12580",1,0,0,1,0,0,2,0,2,0,2,1,2,1,0,1,0,1,6
"AT3G12700",0,0,0,4,1,3,2,0,5,0,5,3,3,4,0,1,1,0,3
"AT3G12780",3,1,0,4,3,4,5,3,5,0,3,1,3,4,3,5,6,0,3
"AT3G12800",1,0,0,4,1,4,5,2,5,0,3,1,3,4,2,2,2,0,6
"AT3G13040",0,0,0,4,0,2,1,0,2,0,4,1,3,2,1,0,0,0,6
"AT3G13120",6,2,0,2,1,1,0,4,0,1,3,0,1,2,2,5,7,1,3
"AT3G14067",4,2,0,0,2,0,0,3,0,1,0,0,0,0,1,3,5,2,6
"AT3G14310",0,1,0,0,0,1,0,0,1,0,0,2,1,0,0,1,0,1,2
"AT3G14440",0,0,0,2,1,0,1,0,0,0,0,0,0,0,1,0,1,0,5
"AT3G14595",0,2,1,1,4,4,2,0,3,2,2,2,2,2,2,1,0,1,5
"AT3G14600",0,2,1,2,5,5,3,0,3,2,2,3,2,2,2,1,1,1,2
"AT3G14690",0,0,1,1,2,2,4,0,1,0,0,4,1,0,0,0,0,0,4
"AT3G14810",1,1,1,2,0,3,1,2,1,1,0,1,0,0,2,3,2,0,6
"AT3G14940",1,0,0,3,0,1,1,1,1,1,0,2,0,0,1,3,0,0,1
"AT3G15000",0,7,8,0,1,0,0,0,0,0,0,2,0,0,1,1,2,0,2
"AT3G15110",1,0,1,0,2,0,0,2,0,0,0,1,1,0,0,2,2,0,3
"AT3G15190",2,2,0,0,1,0,1,1,1,1,0,1,0,1,1,2,2,0,3
"AT3G15353",0,0,0,3,1,1,5,0,6,0,2,7,2,3,2,1,1,0,1
"AT3G15360",3,0,0,0,0,0,1,1,0,0,0,1,0,0,0,4,4,1,1
"AT3G15730",1,0,0,2,2,4,2,1,2,1,3,2,5,3,2,1,2,0,5
"AT3G16080",1,0,0,1,0,2,0,1,3,0,3,0,3,3,0,1,1,0,2
"AT3G16140",0,0,1,2,1,1,1,0,2,0,0,3,0,3,2,0,1,0,1
"AT3G16240",2,2,2,1,1,2,1,2,2,1,1,2,1,1,0,2,3,4,4
"AT3G16250",2,0,1,0,2,1,1,2,0,1,0,1,1,1,0,4,2,2,3
"AT3G16330",1,0,0,2,1,1,2,0,2,0,1,1,1,0,2,0,1,0,6
"AT3G16400",0,0,0,3,0,1,2,0,2,0,0,2,1,0,0,0,0,0,1
"AT3G16570",0,3,0,3,2,2,2,0,2,0,3,4,1,2,2,0,1,0,4
"AT3G16660",0,0,0,1,0,0,2,0,0,0,0,0,0,0,0,0,0,0,3
"AT3G16800",0,0,0,2,2,1,2,0,3,0,2,2,0,2,1,1,1,2,5
"AT3G17520",1,2,0,0,0,0,0,0,1,1,0,0,0,0,2,2,4,0,6
"AT3G17790",1,0,0,4,0,1,2,1,1,0,0,1,1,1,3,1,2,2,4
"AT3G17820",0,1,0,2,1,1,1,0,2,1,1,0,2,2,0,2,2,1,6
"AT3G18280",0,0,0,2,0,1,0,0,2,0,0,1,4,2,0,0,0,0,6
"AT3G18290",1,1,0,2,3,1,1,2,0,1,0,1,0,1,2,2,1,1,2
"AT3G18490",0,1,1,4,2,3,7,0,5,0,0,4,0,0,6,2,5,1,4
"AT3G18680",0,0,0,1,1,0,0,1,0,1,7,0,0,3,0,2,1,0,3
"AT3G18820",1,7,7,2,1,1,1,0,0,4,0,0,0,1,1,4,4,2,4
"AT3G18890",3,1,0,0,3,0,0,0,0,1,0,0,0,1,0,1,2,1,3
"AT3G19240",4,0,0,1,0,3,1,4,3,1,3,0,2,1,4,5,6,0,5
"AT3G19710",0,0,0,6,1,5,3,0,6,0,1,0,2,7,1,0,0,0,3
"AT3G20230",2,0,0,3,2,3,3,0,2,0,0,1,2,2,3,2,2,1,3
"AT3G20390",1,0,0,0,1,1,1,2,0,1,0,1,0,0,2,2,3,1,3
"AT3G20810",0,1,3,3,0,2,0,0,2,0,0,2,0,0,1,0,0,0,1
"AT3G21351",1,1,0,0,2,1,1,0,1,0,1,2,0,1,1,1,0,0,2
"AT3G21670",0,1,1,1,5,0,1,1,0,0,0,2,0,0,1,2,4,2,6
"AT3G21690",1,1,1,1,1,0,1,0,0,0,0,1,0,0,1,0,0,1,4
"AT3G21750",1,6,2,0,1,0,1,0,2,0,3,2,2,4,2,2,3,2,4
"AT3G22110",0,5,7,0,0,0,0,0,0,2,0,0,0,0,0,0,0,2,4
"AT3G22200",0,0,0,3,1,3,1,0,3,1,2,2,4,4,1,0,1,1,6
"AT3G22230",1,1,0,0,0,1,0,1,1,0,1,2,0,0,0,1,1,0,2
"AT3G22600",1,2,1,0,0,0,0,0,0,1,0,1,0,0,0,1,2,1,6
"AT3G22740",1,2,0,2,2,1,0,1,1,0,1,1,2,2,3,1,1,0,1
"AT3G22830",1,0,2,2,3,1,2,0,2,2,1,2,2,0,2,1,4,4,5
"AT3G22850",1,0,0,2,0,1,1,1,0,1,0,3,0,0,0,1,2,0,1
"AT3G22960",6,2,0,3,2,5,2,2,3,2,2,0,3,4,2,4,4,3,3
"AT3G22970",3,2,3,6,3,1,3,5,6,0,1,3,6,2,2,6,5,1,2
"AT3G23000",6,1,2,1,0,1,0,4,1,2,2,1,1,2,2,8,5,4,5
"AT3G23030",2,0,0,2,5,1,0,2,0,0,0,0,1,3,4,3,3,0,5
"AT3G23390",0,3,1,2,4,0,1,1,0,1,0,1,0,0,3,1,1,1,2
"AT3G23400",2,1,2,2,0,1,1,1,0,3,0,3,1,1,1,2,3,3,5
"AT3G23430",1,0,0,3,0,0,1,0,2,0,2,2,1,1,2,2,2,1,1
"AT3G23600",0,0,0,1,0,1,1,0,0,0,0,1,1,0,2,0,0,0,6
"AT3G23920",0,3,1,3,2,1,1,0,4,0,2,2,0,3,3,3,5,1,5
"AT3G23940",6,1,0,1,8,1,0,4,1,4,1,1,0,0,7,9,8,1,2
"AT3G24500",2,0,1,0,1,1,0,1,1,0,1,2,0,1,1,2,2,1,5
"AT3G24830",1,0,0,0,1,0,0,1,0,0,1,0,0,0,0,1,2,0,2
"AT3G25220",0,1,0,2,1,0,0,0,1,0,1,0,0,1,1,1,1,1,4
"AT3G25660",0,1,1,0,2,0,0,0,0,0,2,0,0,0,0,2,0,0,3
"AT3G26170",0,0,0,2,1,8,1,0,7,0,5,2,8,10,1,0,0,1,6
"AT3G26280",0,1,0,3,0,1,3,0,0,0,0,4,1,1,1,0,0,0,6
"AT3G26340",0,0,1,1,1,1,1,0,1,0,0,1,0,0,2,1,2,1,4
"AT3G26650",2,1,1,1,3,0,0,2,0,3,0,2,0,0,0,6,5,1,3
"AT3G26740",2,1,0,2,1,1,1,3,1,0,1,1,1,2,1,5,3,1,1
"AT3G26840",1,4,1,5,0,0,2,0,3,1,0,1,1,2,0,3,5,1,4
"AT3G27060",0,0,1,0,1,0,0,0,3,1,2,4,1,3,1,1,1,0,2
"AT3G27160",3,1,1,1,2,0,0,3,0,3,0,0,0,0,0,5,3,2,1
"AT3G27250",0,0,0,2,2,1,1,0,2,0,1,0,1,1,3,0,0,0,5
"AT3G27770",0,1,0,5,1,2,3,0,5,0,3,4,3,1,0,1,0,0,4
"AT3G27830",1,2,2,0,2,0,0,0,0,0,0,0,0,0,1,2,1,2,3
"AT3G27850",4,2,3,3,1,0,1,3,0,2,0,3,0,0,2,4,4,1,3
"AT3G27890",0,1,1,0,0,0,0,0,0,1,1,1,2,0,3,1,0,0,3
"AT3G28007",1,1,0,2,1,2,0,0,3,0,2,0,1,1,1,2,2,0,6
"AT3G28210",3,3,2,2,0,1,1,3,0,2,0,2,1,0,1,3,5,2,6
"AT3G28270",0,0,0,2,2,5,1,0,6,0,5,5,3,6,2,1,1,1,4
"AT3G29250",0,0,0,3,0,5,1,0,10,1,9,2,8,15,0,1,0,0,1
"AT3G29360",0,0,0,2,0,2,1,0,2,0,1,3,0,1,0,0,0,0,5
"AT3G29575",3,1,1,0,1,0,0,1,0,2,0,0,0,0,1,3,2,0,5
"AT3G44010",2,1,2,2,2,0,2,1,1,2,0,1,1,0,4,2,4,2,2
"AT3G44100",0,0,0,1,1,4,1,0,6,0,7,0,5,9,0,0,0,0,6
"AT3G44310",0,3,0,5,3,2,3,0,1,1,0,3,1,0,0,0,1,0,2
"AT3G44735",1,0,0,4,0,5,4,1,4,0,2,7,3,1,1,1,1,0,5
"AT3G44750",3,1,0,0,1,0,0,5,0,0,0,0,0,0,2,5,5,2,2
"AT3G44880",3,2,2,2,2,3,3,3,5,2,4,3,5,3,0,5,5,0,6
"AT3G44890",0,0,1,0,0,0,0,0,1,1,1,1,0,0,1,0,0,0,3
"AT3G45030",0,0,1,1,3,0,0,0,0,0,0,4,1,0,0,0,1,1,2
"AT3G45260",0,0,0,2,2,4,1,1,2,0,3,3,3,1,5,2,2,1,4
"AT3G45710",1,0,0,0,0,0,1,0,2,0,0,2,1,0,0,0,0,0,1
"AT3G45970",2,0,1,0,6,0,1,0,1,0,0,3,0,0,2,4,3,0,5
"AT3G45980",3,0,0,4,2,3,0,4,1,2,4,2,2,4,1,7,6,4,3
"AT3G46030",1,1,0,1,4,3,2,2,1,1,3,3,0,0,2,2,2,2,3
"AT3G46630",4,5,6,2,1,2,1,3,1,1,1,2,2,2,2,11,7,5,3
"AT3G46640",4,5,6,2,1,1,1,3,1,1,1,1,2,2,1,10,6,4,1
"AT3G46740",3,2,2,0,3,0,0,1,1,1,0,0,0,1,4,6,5,1,2
"AT3G46780",0,1,0,0,2,0,0,0,0,2,0,0,0,0,1,3,2,1,1
"AT3G46970",0,0,0,2,1,2,1,0,3,0,0,0,1,0,1,0,0,0,3
"AT3G47370",1,1,0,2,0,0,1,0,0,0,1,2,0,0,2,0,1,1,2
"AT3G47500",1,2,0,3,5,1,2,2,2,0,3,3,1,3,1,2,1,2,1
"AT3G47650",1,2,0,1,3,0,1,0,0,0,2,3,0,2,1,1,3,0,3
"AT3G47960",0,0,0,3,3,4,2,0,5,1,3,2,4,6,3,1,1,1,5
"AT3G48360",1,1,1,0,0,0,0,2,0,1,0,0,0,0,2,1,2,1,1
"AT3G48420",1,0,0,0,2,0,0,1,0,3,0,0,0,0,2,2,2,0,1
"AT3G48460",1,2,2,1,0,2,0,0,0,0,1,0,1,1,1,1,2,0,6
"AT3G48520",4,1,1,4,2,1,3,3,1,3,3,0,1,1,4,7,4,3,6
"AT3G48690",0,0,0,2,1,0,2,0,2,0,0,1,1,1,2,0,0,0,4
"AT3G48930",2,0,1,5,1,3,4,2,4,2,2,3,4,2,0,2,3,1,2
"AT3G48990",0,0,0,1,0,3,2,0,4,0,7,4,2,6,0,0,0,0,6
"AT3G49010",0,0,0,0,1,0,4,0,2,0,1,2,0,0,1,0,0,1,2
"AT3G49530",3,1,1,3,4,2,2,4,3,2,4,1,2,2,2,5,5,2,5
"AT3G49680",2,3,0,0,0,0,0,2,0,0,1,2,0,0,1,2,1,0,2
"AT3G49910",5,0,0,1,2,0,2,3,0,1,0,0,0,0,2,4,2,2,2
"AT3G49940",1,2,0,1,2,1,2,1,2,1,3,1,2,2,3,2,3,2,3
"AT3G50360",2,1,0,1,0,2,0,0,1,1,1,2,2,2,2,2,2,2,6
"AT3G50830",1,0,0,4,2,3,2,2,6,0,5,2,5,7,1,4,2,1,5
"AT3G50910",4,1,1,4,2,2,3,2,2,1,2,2,2,4,1,3,3,1,6
"AT3G50970",1,0,1,2,4,1,0,1,1,1,2,2,0,0,0,2,1,0,6
"AT3G51260",0,1,1,0,1,0,0,0,0,0,0,0,0,0,2,1,1,1,4
"AT3G51450",1,0,0,0,1,0,0,1,2,0,0,0,2,1,2,2,2,1,3
"AT3G51730",3,0,1,1,2,0,0,4,0,3,1,2,0,1,6,6,5,3,6
"AT3G51750",0,0,0,5,0,3,4,0,2,0,1,2,0,1,0,0,0,0,6
"AT3G51860",0,0,1,0,1,0,0,0,0,0,0,0,1,0,1,0,2,2,4
"AT3G51980",2,2,1,0,0,0,0,1,0,1,0,0,2,0,1,1,1,0,4
"AT3G52380",2,1,1,0,0,0,0,3,0,1,0,0,0,0,1,3,2,2,3
"AT3G52800",4,3,1,4,6,3,7,2,3,2,1,4,4,1,4,4,6,1,5
"AT3G52920",2,0,0,0,0,0,0,0,0,0,0,0,0,0,0,4,4,0,6
"AT3G52960",0,3,4,1,2,0,1,0,0,0,0,1,0,1,3,1,2,0,3
"AT3G53020",2,2,1,1,2,1,0,2,1,0,0,0,0,0,3,1,2,0,2
"AT3G53230",3,0,0,3,2,1,0,0,1,0,0,1,1,2,1,3,3,0,6
"AT3G53420",2,0,2,2,0,2,1,1,2,1,1,1,2,0,0,1,2,1,4
"AT3G53430",7,1,1,0,1,0,0,4,0,5,0,1,0,1,3,7,7,2,2
"AT3G53460",0,2,5,2,1,0,2,0,4,0,2,1,2,1,0,0,1,1,2
"AT3G53740",0,0,0,1,2,0,2,0,0,0,1,1,0,1,2,0,1,0,2
"AT3G54030",1,0,1,3,2,1,1,2,1,1,0,1,2,3,1,2,1,0,5
"AT3G54040",0,0,0,3,2,2,1,0,3,0,2,2,2,2,2,0,1,0,1
"AT3G54050",0,0,0,5,3,3,1,0,3,0,2,2,2,2,3,0,1,0,3
"AT3G54090",1,0,1,0,2,0,0,2,0,0,0,0,0,0,1,4,2,0,2
"AT3G54200",0,0,0,0,0,0,0,0,0,0,0,0,0,0,1,1,1,0,5
"AT3G54210",1,2,2,0,0,2,0,0,0,1,2,1,1,1,3,3,5,0,1
"AT3G54400",0,0,0,3,1,3,1,0,2,1,1,2,2,2,3,2,1,0,4
"AT3G54680",3,2,2,0,2,1,0,3,1,2,0,0,0,1,2,4,7,2,5
"AT3G54810",4,2,2,4,3,0,2,3,0,1,0,3,1,0,3,3,5,1,4
"AT3G55040",1,0,0,1,0,2,2,2,0,0,0,1,3,0,3,2,2,0,3
"AT3G55230",0,1,0,2,0,1,1,0,2,1,0,1,0,1,2,0,1,1,1
"AT3G55280",1,0,0,1,1,0,1,1,0,1,1,2,1,1,1,1,1,0,2
"AT3G55430",1,4,1,4,1,4,2,0,5,0,1,2,1,2,1,3,1,1,5
"AT3G55750",1,0,0,2,0,1,0,1,3,0,2,1,1,2,2,2,1,0,2
"AT3G55800",0,0,0,1,0,3,2,1,3,0,0,2,1,1,1,0,0,0,3
"AT3G55940",2,1,3,3,2,0,2,1,0,2,1,1,2,1,1,2,2,4,6
"AT3G56020",1,1,0,0,2,0,0,1,0,2,0,0,0,0,0,2,2,0,2
"AT3G56360",0,5,1,0,0,0,0,0,0,0,0,1,0,0,1,1,2,1,2
"AT3G56400",1,1,0,1,3,0,1,0,1,1,0,2,0,0,1,2,1,0,4
"AT3G56710",1,0,0,1,2,1,1,1,0,0,0,1,0,0,0,1,2,1,3
"AT3G56910",3,0,0,0,1,0,0,2,0,0,0,0,0,1,2,3,4,0,3
"AT3G56940",1,3,1,0,3,0,0,1,1,0,0,0,0,0,2,3,3,3,3
"AT3G57010",0,0,0,3,0,10,1,0,9,0,3,2,2,7,1,0,0,0,6
"AT3G57050",1,1,0,1,2,0,0,0,0,0,1,3,0,0,2,2,3,0,3
"AT3G57150",9,2,1,3,3,0,0,5,0,3,0,0,0,0,3,9,7,1,2
"AT3G58610",2,2,1,1,1,1,0,2,0,1,0,1,0,0,1,4,3,1,2
"AT3G59220",1,0,1,0,0,0,0,0,0,1,0,0,0,1,1,0,1,1,4
"AT3G59540",0,1,0,0,1,0,1,0,2,1,0,1,0,0,2,2,1,1,2
"AT3G59760",1,0,0,0,1,0,0,1,0,2,0,0,0,0,1,4,3,0,2
"AT3G60450",1,1,0,2,1,0,1,2,4,0,1,2,1,2,2,2,2,0,6
"AT3G60750",3,0,1,0,1,0,0,2,1,1,0,1,0,0,2,3,2,2,3
"AT3G60820",1,0,0,1,3,0,0,2,0,1,0,2,0,0,2,2,1,1,4
"AT3G61110",0,1,0,1,0,0,0,0,1,0,0,2,1,1,1,0,0,0,2
"AT3G61580",2,0,0,0,1,0,0,0,1,0,1,1,1,1,1,0,1,0,1
"AT3G61820",2,0,0,0,0,0,0,1,0,0,0,0,0,0,0,3,2,0,2
"AT3G61920",0,6,3,0,0,0,0,1,1,2,0,0,0,0,0,2,1,1,2
"AT3G62030",1,0,0,1,1,1,0,0,2,0,1,0,0,1,0,1,1,0,3
"AT3G62040",0,0,1,1,2,1,1,0,0,0,1,1,0,0,2,1,2,0,3
"AT3G62110",1,1,0,1,0,1,0,1,0,0,0,1,1,0,2,1,2,1,2
"AT3G62250",1,0,1,1,0,1,1,2,0,1,0,0,1,0,0,2,1,0,2
"AT3G62420",0,0,0,2,1,3,3,0,2,0,1,2,0,3,1,0,1,0,1
"AT3G62530",0,1,0,3,4,1,3,0,1,0,1,3,2,1,4,1,2,0,2
"AT3G62550",1,0,1,0,1,0,0,1,2,2,0,1,2,0,2,6,3,3,1
"AT3G62600",3,3,0,1,3,1,2,1,1,0,3,2,2,2,0,3,3,0,4
"AT3G62990",0,0,0,1,0,2,2,0,3,0,2,1,5,1,1,0,0,0,6
"AT3G63050",1,1,2,2,0,0,1,1,1,1,0,3,2,1,1,3,1,2,5
"AT3G63140",2,2,1,4,3,1,1,3,0,2,2,1,0,0,3,4,5,2,1
"AT3G63160",0,0,0,0,0,0,1,1,0,1,0,0,0,0,1,0,1,0,3
"AT3G63190",2,1,1,5,1,0,0,2,0,0,1,1,1,1,2,2,2,0,3
"AT3G63310",1,2,1,0,0,0,1,1,1,0,0,2,1,1,0,1,3,2,5
"AT3G63490",1,1,1,0,2,0,0,1,0,1,0,1,0,0,2,2,2,0,1
"AT4G00360",2,0,0,1,1,2,0,1,2,0,2,1,3,3,2,3,1,0,5
"AT4G00430",0,1,0,6,1,4,2,0,6,0,3,2,4,1,2,1,2,1,5
"AT4G01037",5,0,1,0,2,0,0,2,0,1,0,0,0,0,0,4,5,4,2
"AT4G01050",1,1,1,0,0,0,0,1,0,4,0,0,0,0,1,2,0,0,3
"AT4G01150",3,1,1,1,1,1,0,2,2,3,2,1,4,2,0,6,3,3,1
"AT4G01480",1,0,0,0,0,1,1,0,1,0,2,2,0,1,1,1,1,1,1
"AT4G01690",1,0,0,2,1,2,3,1,2,0,1,2,3,1,0,1,3,0,3
"AT4G01950",0,0,1,1,4,0,1,0,1,0,0,3,0,0,0,0,3,0,5
"AT4G01985",0,56,33,0,0,0,0,0,1,23,0,0,0,0,2,1,4,7,6
"AT4G02360",0,0,0,2,0,0,3,1,0,0,0,1,1,0,2,1,1,0,6
"AT4G02770",0,1,1,2,3,0,1,0,1,0,0,2,0,0,2,1,2,0,3
"AT4G02790",1,1,1,0,0,2,1,0,1,1,4,0,1,1,0,1,1,1,3
"AT4G02940",2,2,1,1,3,5,2,0,4,1,6,5,3,3,0,2,2,2,4
"AT4G03280",0,1,0,2,0,0,1,0,2,0,2,1,1,3,2,1,1,1,1
"AT4G03520",0,0,0,1,3,3,1,0,3,0,0,1,0,0,4,1,2,1,1
"AT4G04640",2,1,0,6,3,3,4,1,2,1,3,2,3,8,1,2,2,3,3
"AT4G05010",2,0,1,2,2,0,2,1,0,0,0,3,0,1,1,2,2,0,5
"AT4G05050",0,0,0,1,1,1,1,0,1,0,0,1,0,0,0,1,1,0,5
"AT4G05100",0,0,1,0,1,0,0,0,0,0,0,1,0,0,0,0,0,1,5
"AT4G05180",1,2,0,3,0,2,2,0,2,0,3,2,4,2,0,0,2,1,1
"AT4G05530",2,0,1,5,3,3,4,1,5,2,5,6,4,6,5,4,7,1,4
"AT4G08870",0,0,0,3,0,4,3,0,4,0,4,1,2,6,1,0,0,0,2
"AT4G08950",0,0,0,6,3,4,2,1,7,0,3,1,5,5,4,1,2,0,4
"AT4G09010",1,1,1,1,2,0,1,1,0,0,0,1,0,0,0,1,4,1,1
"AT4G09040",3,0,0,0,0,0,0,4,0,1,0,2,0,0,1,4,3,0,2
"AT4G09650",1,3,1,0,1,0,0,1,0,0,0,0,0,0,1,1,3,1,3
"AT4G10040",1,0,0,3,1,4,2,0,6,0,2,1,3,4,2,2,1,0,6
"AT4G10340",1,1,2,1,1,6,1,2,5,0,3,6,3,5,1,2,1,2,1
"AT4G10430",3,1,1,3,3,2,4,2,3,2,2,3,1,2,2,3,7,0,6
"AT4G10450",0,0,0,3,2,4,3,0,7,0,4,1,2,5,0,1,0,0,2
"AT4G10960",1,1,1,1,1,0,1,0,0,1,0,0,0,0,0,1,0,0,5
"AT4G11220",3,2,0,0,1,1,0,1,3,0,2,1,2,1,0,4,2,3,6
"AT4G11570",3,2,1,4,2,1,3,4,4,0,3,1,3,3,3,5,3,3,6
"AT4G12030",1,0,0,2,0,4,1,0,2,0,4,3,2,1,1,1,0,0,2
"AT4G12320",0,1,0,2,1,3,1,0,3,0,2,0,3,3,0,0,0,0,2
"AT4G12400",3,2,0,1,1,0,0,1,0,5,0,0,0,0,2,5,4,3,4
"AT4G12470",0,1,0,0,1,0,0,0,1,0,1,0,1,3,1,0,0,0,2
"AT4G12480",1,0,1,4,1,4,4,1,9,0,1,4,4,7,1,1,0,1,2
"AT4G12600",3,2,0,1,2,1,0,3,1,0,1,1,1,1,3,4,4,0,2
"AT4G12800",0,0,0,0,0,0,0,0,0,1,0,0,0,0,0,2,0,0,1
"AT4G13500",3,1,2,0,0,0,0,2,0,2,0,1,0,0,1,5,3,2,3
"AT4G13770",0,0,1,1,0,0,0,0,0,1,0,1,1,0,0,1,2,1,2
"AT4G13850",0,4,2,0,0,0,0,0,0,0,0,0,0,0,0,0,0,1,2
"AT4G14090",2,1,0,0,1,0,0,0,0,1,0,0,0,0,0,2,2,1,4
"AT4G14320",1,0,0,2,4,0,1,2,0,3,1,3,0,0,3,4,5,2,2
"AT4G14690",1,0,0,5,4,2,2,2,1,1,0,2,0,3,1,2,2,0,4
"AT4G14880",0,1,2,1,0,1,0,0,1,0,1,0,1,1,4,1,1,2,1
"AT4G14960",0,0,0,1,0,1,1,0,4,0,5,1,6,7,0,0,0,0,3
"AT4G15000",0,0,0,2,1,0,3,0,2,0,0,0,0,0,1,0,0,0,2
"AT4G15470",1,8,6,3,0,1,1,1,1,2,0,1,1,1,0,1,1,1,5
"AT4G15550",1,5,2,0,0,0,0,1,0,1,0,0,0,0,1,1,1,0,4
"AT4G15610",0,1,0,4,0,8,5,0,13,0,7,1,7,10,0,1,0,1,4
"AT4G15770",0,0,0,1,1,2,1,0,3,0,3,2,3,6,1,0,0,0,2
"AT4G16155",0,1,1,2,3,0,0,1,0,3,0,0,0,0,5,2,4,0,3
"AT4G16490",0,0,0,0,0,0,0,0,0,0,0,0,0,1,1,1,1,1,5
"AT4G16500",1,2,2,1,0,1,2,0,2,1,0,5,1,1,1,0,1,3,5
"AT4G16563",6,10,3,1,3,0,0,2,0,3,0,0,0,0,8,4,7,3,4
"AT4G16690",2,2,0,4,2,3,3,1,1,1,2,1,1,2,2,1,4,1,6
"AT4G16720",0,0,0,1,0,0,0,0,2,0,1,2,0,1,0,0,0,0,2
"AT4G16760",1,0,0,2,2,0,1,0,1,0,2,0,1,1,3,1,3,0,6
"AT4G17245",1,0,0,0,3,0,0,1,0,1,0,1,1,1,1,2,2,1,6
"AT4G17390",0,0,0,0,0,0,0,0,0,1,0,0,0,0,2,1,4,0,2
"AT4G17530",2,2,1,3,2,1,2,1,0,1,0,0,0,1,6,1,2,1,6
"AT4G17550",1,0,1,1,1,0,2,0,2,0,1,2,2,1,2,3,4,1,5
"AT4G17560",1,0,1,1,1,0,2,0,2,0,0,2,1,1,2,3,4,1,3
"AT4G17650",1,0,0,4,0,0,2,2,0,0,0,2,0,1,1,1,3,0,6
"AT4G17840",2,0,2,1,0,1,0,2,0,1,0,1,0,0,2,3,2,1,6
"AT4G17870",1,0,0,3,0,4,4,0,5,0,3,1,2,2,1,1,0,1,3
"AT4G18100",0,0,0,3,2,0,3,0,2,0,2,4,0,2,1,2,4,1,2
"AT4G18280",0,3,4,1,0,0,0,0,0,0,0,0,0,0,1,2,2,0,5
"AT4G18480",1,1,0,0,0,1,1,1,0,1,0,1,0,1,1,2,2,0,3
"AT4G18640",0,0,0,2,3,2,1,0,4,0,1,3,1,1,1,0,2,1,1
"AT4G19120",0,0,1,5,0,2,2,1,4,0,3,3,5,4,4,0,1,2,3
"AT4G20170",3,2,1,4,2,1,2,2,2,1,2,3,1,0,3,3,4,2,5
"AT4G20390",1,1,3,0,1,0,0,0,0,0,0,1,0,0,1,1,0,0,1
"AT4G20830",2,0,0,2,3,5,5,2,6,0,3,3,2,3,4,2,2,0,5
"AT4G21210",0,0,0,4,2,3,2,0,3,0,1,2,2,4,1,0,0,1,2
"AT4G21440",0,0,1,2,3,2,1,1,0,0,0,1,3,0,3,2,4,1,5
"AT4G21620",1,2,2,1,0,0,0,1,0,0,0,0,0,0,0,3,2,1,6
"AT4G21850",0,0,0,4,1,2,6,1,5,0,6,5,4,4,0,1,1,0,1
"AT4G21990",1,0,0,1,0,3,2,1,2,1,4,3,2,4,0,1,1,0,4
"AT4G22200",2,2,2,2,2,0,1,3,0,2,1,0,1,0,2,5,5,2,4
"AT4G22240",0,0,1,1,1,0,2,0,2,0,2,0,0,2,2,0,2,1,6
"AT4G22690",0,0,0,5,2,4,5,0,4,0,4,3,5,5,3,0,1,0,3
"AT4G22880",1,1,0,5,7,3,3,1,5,1,1,3,1,0,1,3,5,0,4
"AT4G22890",1,2,0,4,5,2,3,1,4,1,1,3,1,0,1,3,3,0,1
"AT4G23050",0,2,1,3,4,4,4,0,7,0,2,1,2,4,2,0,2,2,6
"AT4G23630",2,1,1,2,2,1,1,3,1,1,0,2,3,0,1,3,3,2,5
"AT4G23850",0,0,0,1,0,2,2,0,1,0,1,2,1,1,0,0,0,0,5
"AT4G24130",1,2,0,3,1,2,1,0,0,1,1,1,1,3,0,1,2,0,6
"AT4G24160",1,1,1,0,0,0,1,1,0,2,1,5,0,0,0,2,2,3,5
"AT4G24220",0,0,1,0,0,0,1,0,0,0,0,1,0,0,1,2,1,1,6
"AT4G24340",3,1,1,0,1,0,0,2,0,1,0,1,0,0,1,6,7,1,2
"AT4G24350",0,0,1,0,1,0,1,1,0,0,0,0,0,0,1,3,1,1,2
"AT4G24400",2,0,0,2,1,2,1,1,3,1,2,1,1,3,4,3,3,0,6
"AT4G24770",5,1,1,1,2,0,1,0,0,2,0,0,0,0,4,4,6,0,3
"AT4G24780",0,0,2,0,4,0,1,0,2,1,0,0,1,0,2,2,4,0,3
"AT4G24820",0,1,0,2,1,1,1,0,1,0,1,0,2,1,1,2,0,1,4
"AT4G24920",1,1,0,1,3,2,1,0,5,0,3,1,2,2,3,3,4,0,4
"AT4G25080",1,7,3,0,0,0,0,0,0,1,0,0,0,0,1,1,0,1,3
"AT4G25630",1,3,5,1,0,1,0,0,0,0,1,0,2,0,1,3,1,1,2
"AT4G25670",2,1,1,0,2,0,0,3,1,1,1,0,0,1,5,3,5,2,5
"AT4G25700",1,4,0,3,1,1,1,0,3,1,1,1,2,3,4,2,4,2,4
"AT4G26080",1,2,0,3,2,3,4,2,2,0,0,1,0,1,4,1,3,0,5
"AT4G26130",4,3,2,5,3,3,2,2,3,1,0,3,1,4,4,8,5,0,2
"AT4G26370",1,0,0,2,0,1,2,1,2,0,0,1,0,0,0,1,3,0,3
"AT4G26530",0,0,0,1,0,1,1,0,0,0,1,1,0,0,2,1,2,0,1
"AT4G27090",0,0,0,1,1,0,2,1,1,0,0,0,0,1,1,1,0,0,2
"AT4G27280",0,0,1,1,0,0,0,0,0,0,0,0,0,0,1,0,1,1,5
"AT4G27500",2,0,0,3,2,3,1,2,3,1,4,1,1,3,5,3,9,1,5
"AT4G27520",2,1,2,0,0,0,0,1,0,2,0,0,0,0,0,2,3,2,5
"AT4G27652",1,0,0,2,2,3,2,1,5,2,1,1,2,1,3,1,1,0,5
"AT4G27830",1,1,0,2,1,0,1,1,1,1,0,1,1,0,1,0,2,2,6
"AT4G27860",3,5,3,0,3,0,0,2,0,4,0,1,0,1,3,1,8,5,2
"AT4G27960",2,0,0,1,0,1,2,3,2,1,2,3,1,1,0,3,3,2,6
"AT4G28140",2,0,0,0,1,0,0,1,0,4,0,0,0,0,1,2,2,2,5
"AT4G28240",0,0,0,4,0,2,2,0,1,1,2,2,2,1,0,1,0,0,5
"AT4G29040",0,0,0,1,1,0,0,1,2,0,0,0,0,1,2,1,1,0,4
"AT4G29080",0,0,0,3,0,1,3,0,1,0,0,1,1,1,0,0,0,0,3
"AT4G29160",0,1,1,0,1,2,0,0,1,1,0,1,1,1,1,1,1,0,5
"AT4G29520",2,2,0,1,0,2,0,6,2,1,3,4,1,0,1,7,7,3,4
"AT4G29840",0,2,1,0,2,0,0,0,0,0,0,0,0,0,1,0,1,0,2
"AT4G29950",2,0,1,4,2,0,1,3,2,1,0,0,1,0,1,3,3,1,5
"AT4G30190",2,1,0,4,2,4,1,1,2,0,0,1,2,2,2,3,2,0,2
"AT4G30210",3,0,0,0,0,1,0,5,1,1,0,0,0,1,3,3,2,1,5
"AT4G30270",1,0,0,0,2,0,0,2,0,0,0,0,0,0,2,2,2,0,4
"AT4G30460",2,9,5,0,0,0,2,2,0,1,0,0,0,0,0,4,1,2,6
"AT4G30490",0,0,0,2,0,1,1,1,1,0,1,1,1,2,3,1,1,1,6
"AT4G30600",0,0,0,5,0,0,5,0,4,1,4,0,4,3,1,0,1,0,5
"AT4G30670",1,0,1,0,1,0,1,1,0,0,0,1,0,0,1,3,1,0,1
"AT4G30960",1,1,2,0,3,0,0,1,0,1,0,0,0,0,3,2,2,1,6
"AT4G31300",1,0,0,1,1,1,2,2,0,0,0,1,0,0,0,2,1,0,4
"AT4G31700",2,0,0,8,2,5,5,1,3,1,3,1,5,6,2,1,2,2,2
"AT4G31860",2,0,0,1,0,0,0,2,0,1,0,3,0,0,1,2,2,2,6
"AT4G32060",1,0,0,0,3,0,0,1,0,1,0,1,0,1,1,2,1,0,1
"AT4G32150",0,1,0,3,1,0,4,1,3,2,1,4,0,0,4,1,1,0,6
"AT4G32250",2,0,0,0,3,1,1,2,0,2,0,2,0,0,5,4,4,0,6
"AT4G32340",1,1,1,0,1,0,0,1,0,2,0,0,0,0,6,3,5,0,3
"AT4G32480",0,0,0,0,3,0,2,0,0,0,0,1,0,0,2,2,2,0,4
"AT4G32650",2,2,0,4,3,2,1,4,2,2,1,2,1,0,1,2,4,2,2
"AT4G32770",2,1,2,3,4,2,1,2,0,2,0,3,1,1,1,4,4,3,6
"AT4G33040",4,1,0,2,0,0,1,1,0,1,1,1,0,2,2,2,2,0,6
"AT4G33440",1,1,0,4,0,4,2,3,2,0,2,4,1,0,2,1,2,1,6
"AT4G33625",1,2,1,0,0,1,1,0,0,1,0,2,0,0,2,3,3,2,2
"AT4G33680",2,0,0,1,4,1,1,2,2,0,1,0,0,0,4,6,4,2,3
"AT4G33780",2,0,0,1,1,2,0,1,1,0,2,0,0,0,1,2,2,1,4
"AT4G33950",1,0,0,0,4,0,1,1,0,1,0,2,0,0,5,1,2,1,6
"AT4G33980",1,1,1,3,1,2,4,1,1,1,1,2,2,0,1,1,1,1,1
"AT4G34000",0,0,0,4,1,2,3,0,0,0,1,4,1,0,2,0,0,0,5
"AT4G34135",0,0,0,2,2,2,0,0,1,0,1,3,4,2,1,1,1,1,4
"AT4G34150",1,0,1,3,0,2,1,0,2,0,2,2,2,1,1,1,0,1,5
"AT4G34290",0,1,1,0,0,1,1,0,1,0,0,0,1,2,0,1,0,0,2
"AT4G34480",2,2,1,0,1,0,0,2,0,1,0,1,0,0,4,4,5,4,5
"AT4G34590",0,0,0,11,5,5,5,2,4,1,4,6,2,2,1,3,5,0,4
"AT4G34620",1,1,3,3,3,0,1,1,5,0,0,3,0,0,1,1,2,2,3
"AT4G34630",1,1,3,3,3,0,1,1,5,0,0,3,0,0,1,1,2,2,4
"AT4G34670",1,0,0,0,1,1,0,1,0,0,0,0,0,2,0,1,1,0,2
"AT4G34710",2,1,0,6,1,4,5,1,2,2,2,6,0,1,3,3,6,1,6
"AT4G34950",2,0,1,2,1,3,0,3,1,2,2,0,1,1,1,2,2,1,3
"AT4G34990",3,0,0,1,1,0,1,2,1,0,0,0,0,0,1,2,3,1,6
"AT4G35160",0,1,0,2,0,2,1,0,2,0,1,2,4,1,1,1,2,0,1
"AT4G35750",1,0,0,2,1,1,1,2,1,0,0,0,1,1,2,2,2,1,4
"AT4G35790",2,0,1,2,1,0,1,1,1,6,1,1,1,0,2,2,3,1,6
"AT4G35830",0,1,0,3,1,3,5,0,3,0,0,0,1,1,0,1,1,0,2
"AT4G35860",3,1,1,3,1,1,3,1,4,1,4,3,2,7,2,7,3,1,6
"AT4G36760",2,3,1,5,4,2,3,1,2,4,2,1,1,1,2,3,3,2,6
"AT4G36800",0,1,1,0,0,0,0,0,0,0,0,1,0,0,1,0,0,0,6
"AT4G36990",4,3,2,2,2,1,1,3,2,0,1,2,1,2,2,5,3,2,6
"AT4G37010",2,0,0,0,2,3,0,2,3,1,2,1,3,4,1,2,1,1,3
"AT4G37260",1,2,2,1,0,0,3,2,0,2,0,0,0,0,0,2,2,0,5
"AT4G37520",0,1,2,2,1,1,0,0,2,1,3,2,2,1,3,1,1,0,2
"AT4G37790",3,2,1,2,1,1,3,2,0,1,0,2,0,3,1,2,1,1,5
"AT4G37930",0,0,0,2,1,4,1,1,1,0,3,1,3,5,4,0,2,2,1
"AT4G37980",0,0,0,4,2,5,5,0,4,0,1,2,2,1,1,1,0,0,6
"AT4G38080",1,0,0,1,2,0,0,1,1,0,0,1,1,1,3,2,4,0,1
"AT4G38400",6,1,0,2,6,1,1,4,3,2,0,0,2,0,1,8,9,2,5
"AT4G38730",0,0,1,1,1,2,1,0,2,0,1,0,2,1,1,1,1,0,5
"AT4G38770",0,3,4,0,0,0,0,0,0,0,0,0,0,0,0,2,3,0,2
"AT4G38970",1,3,0,2,4,1,2,0,0,0,1,0,0,2,1,1,2,1,3
"AT4G39200",2,2,1,1,0,1,1,1,1,1,0,1,3,2,0,1,3,1,2
"AT4G39260",0,5,2,1,1,1,3,0,0,0,1,0,0,0,2,0,0,1,3
"AT4G39330",1,2,0,1,1,1,0,0,0,0,0,1,0,1,2,2,1,0,5
"AT4G39710",3,5,3,2,2,0,1,4,1,1,1,4,2,2,1,5,6,0,3
"AT4G39730",1,4,3,3,1,0,1,2,0,1,2,2,4,5,1,3,2,0,6
"AT4G39940",0,0,1,1,0,2,2,0,4,0,1,2,2,2,0,1,1,1,2
"AT4G39970",2,1,1,1,2,3,2,1,1,0,1,1,2,1,3,2,2,1,3
"AT4G39980",2,1,1,1,2,3,2,1,1,0,1,1,2,1,3,2,2,1,2
"AT4G40010",1,0,0,4,2,4,1,1,3,1,5,4,5,7,1,3,6,3,5
"AT5G01040",0,0,0,1,1,3,1,0,2,0,2,2,3,2,1,0,1,1,3
"AT5G01100",1,2,2,3,1,1,2,1,1,1,0,5,0,1,1,4,5,1,5
"AT5G01300",0,0,0,1,1,4,1,0,2,0,3,1,3,3,1,0,0,0,5
"AT5G01380",2,5,2,4,5,2,2,0,5,2,3,2,4,3,4,6,8,3,4
"AT5G01520",1,1,0,0,1,1,1,1,0,1,0,0,0,0,2,1,1,0,5
"AT5G01600",0,2,0,0,1,0,0,0,0,1,0,0,0,0,1,2,3,1,5
"AT5G01810",1,0,0,2,2,1,0,1,3,0,4,1,1,3,1,1,1,1,4
"AT5G02160",0,1,1,0,0,0,0,3,0,0,0,1,0,0,1,2,1,1,1
"AT5G02480",0,0,0,2,0,2,2,2,1,0,0,2,1,1,3,1,1,0,4
"AT5G02490",0,0,1,0,3,0,0,1,0,0,0,1,1,0,1,0,2,3,4
"AT5G02610",3,1,1,2,2,1,3,5,1,2,2,0,0,1,2,5,5,2,2
"AT5G02810",3,3,5,0,1,0,0,0,0,2,0,0,1,0,2,3,4,1,1
"AT5G02940",0,0,1,1,0,2,0,0,3,1,1,0,0,0,0,1,0,0,2
"AT5G03030",0,0,0,3,0,0,0,0,3,0,3,1,1,1,0,0,0,0,5
"AT5G03160",2,6,6,0,3,0,0,0,0,1,0,2,0,0,0,4,1,4,4
"AT5G03204",0,2,1,0,1,1,0,1,0,1,0,0,0,0,0,1,1,0,1
"AT5G03210",0,2,1,0,1,1,0,1,0,0,0,0,0,0,0,1,1,0,5
"AT5G03240",0,0,0,5,2,1,4,0,7,0,0,1,2,1,2,0,0,0,1
"AT5G03850",0,0,0,0,1,0,0,1,0,0,0,0,0,0,1,1,3,1,2
"AT5G04340",1,2,1,0,2,1,0,2,1,0,1,0,1,1,0,4,5,1,5
"AT5G05110",0,0,0,1,0,4,1,0,3,0,0,3,0,1,0,0,0,0,6
"AT5G05220",2,2,1,3,3,0,1,1,0,0,0,0,0,0,3,3,5,2,5
"AT5G05250",1,5,3,0,1,0,0,1,0,1,0,0,0,0,2,2,2,0,2
"AT5G05440",0,0,0,0,1,1,1,0,1,0,0,1,1,0,3,0,0,0,3
"AT5G05600",1,1,2,3,1,2,2,0,3,0,2,2,3,2,1,1,1,0,6
"AT5G06290",3,4,0,2,4,0,2,3,0,1,0,4,1,2,3,4,5,1,3
"AT5G06300",0,0,0,1,0,2,1,0,0,0,0,0,2,3,1,0,0,0,3
"AT5G06370",3,1,1,3,2,1,1,2,4,2,3,2,2,0,2,5,2,1,6
"AT5G06530",0,0,0,1,1,1,0,0,1,1,0,1,0,1,0,1,0,1,5
"AT5G06690",1,2,4,5,5,3,3,0,1,0,1,2,0,2,5,4,3,1,1
"AT5G06760",2,0,0,0,1,0,2,1,1,0,0,1,1,0,1,2,3,0,5
"AT5G07010",0,0,0,2,0,1,2,0,7,0,1,3,3,2,0,0,0,0,6
"AT5G07090",0,1,3,0,2,2,0,0,1,1,4,0,1,2,2,0,2,1,2
"AT5G07470",0,1,0,1,0,3,2,0,0,0,0,2,0,1,0,0,0,0,6
"AT5G07580",2,0,1,0,0,0,0,1,0,1,0,0,0,0,1,3,1,4,3
"AT5G08280",0,1,1,1,4,1,0,1,0,0,0,0,0,0,4,3,2,1,3
"AT5G08640",0,0,0,4,1,2,3,0,1,0,1,1,1,1,2,1,1,0,2
"AT5G09480",0,0,0,6,3,3,2,1,3,0,3,3,2,4,2,1,2,1,1
"AT5G09620",0,1,0,0,0,0,0,0,0,5,0,1,0,0,0,2,1,2,5
"AT5G10170",0,0,0,4,3,3,2,0,0,0,2,2,2,4,1,0,0,0,3
"AT5G10360",1,4,0,1,1,6,1,0,3,1,3,3,2,5,1,0,2,0,2
"AT5G10730",0,0,0,1,0,0,1,0,0,0,0,0,1,1,0,0,0,0,6
"AT5G10930",5,4,1,0,2,0,0,4,0,2,0,1,0,0,1,6,5,2,5
"AT5G11880",2,0,0,3,1,1,1,2,5,2,3,0,1,2,2,2,2,0,3
"AT5G12010",1,3,0,0,1,0,0,2,0,1,0,1,0,0,1,4,1,0,5
"AT5G12110",0,2,2,0,0,0,0,0,0,1,0,0,0,0,1,1,3,2,4
"AT5G13170",0,0,0,3,0,0,2,0,0,0,0,0,0,0,2,0,0,0,6
"AT5G13330",2,0,0,0,0,3,2,2,5,1,1,5,2,3,0,4,2,1,6
"AT5G13370",0,0,0,1,1,1,3,0,5,0,1,3,1,1,0,0,0,0,6
"AT5G13490",0,1,0,1,0,1,3,0,1,1,0,1,0,0,0,0,0,0,4
"AT5G13630",0,0,0,1,1,1,2,0,2,0,2,1,2,2,3,1,0,1,1
"AT5G13650",2,1,0,0,1,0,0,1,0,1,0,0,0,0,1,4,2,1,3
"AT5G13740",3,0,1,2,3,1,1,3,2,3,0,2,0,1,2,5,5,1,1
"AT5G13800",1,1,2,0,0,0,2,1,4,0,0,0,0,0,1,3,2,0,6
"AT5G14200",1,0,0,0,0,1,0,1,1,0,1,0,0,1,0,1,1,0,3
"AT5G14320",3,1,2,2,2,3,2,1,3,1,3,2,1,1,2,2,4,1,1
"AT5G14330",0,0,0,1,0,0,2,0,0,0,4,2,3,3,0,0,0,0,2
"AT5G14640",0,1,0,1,0,0,1,1,0,0,0,0,0,0,2,0,1,0,5
"AT5G14760",1,0,0,2,1,1,1,1,5,1,2,0,0,4,0,1,2,0,4
"AT5G14910",1,1,0,0,1,0,1,0,0,1,0,2,0,0,2,1,2,0,3
"AT5G14970",1,3,3,1,1,1,1,0,3,0,0,1,2,2,1,1,1,1,2
"AT5G15200",3,5,2,4,3,3,2,2,6,2,2,2,4,3,4,5,3,2,2
"AT5G15230",0,0,1,3,1,2,2,0,1,0,0,3,1,2,1,0,0,1,1
"AT5G15450",1,0,0,1,1,1,0,1,0,2,1,0,1,1,1,1,2,0,4
"AT5G15500",2,1,1,2,0,1,1,1,2,0,1,1,1,2,1,3,2,0,5
"AT5G15860",1,1,1,0,0,0,0,1,0,0,1,1,0,0,0,1,2,1,4
"AT5G16450",0,0,1,3,0,2,2,1,0,0,1,1,0,2,0,2,2,0,6
"AT5G16840",2,2,2,2,4,2,0,0,1,2,2,3,1,2,5,2,2,1,6
"AT5G16970",0,0,0,2,0,0,0,1,0,1,0,0,0,0,1,1,1,0,4
"AT5G17190",1,0,0,2,0,1,2,1,0,2,0,2,0,0,0,1,1,0,6
"AT5G17220",1,0,0,1,1,0,2,2,1,1,0,0,0,0,1,2,2,0,4
"AT5G17330",0,1,0,1,2,0,1,0,0,0,0,0,1,1,2,0,2,1,1
"AT5G17380",2,3,3,3,4,0,0,3,0,1,0,0,0,0,1,5,4,1,6
"AT5G17390",2,3,3,3,4,0,0,3,0,1,0,0,0,0,1,5,4,1,4
"AT5G17460",3,1,1,2,1,2,2,0,1,2,2,6,2,0,2,2,3,6,5
"AT5G17760",1,3,0,0,2,0,0,1,0,0,0,0,0,0,0,1,2,0,5
"AT5G17860",2,1,0,1,1,0,1,1,0,1,0,1,1,1,3,2,2,1,6
"AT5G17920",2,2,0,4,2,6,2,1,3,0,2,2,2,4,1,2,4,0,2
"AT5G18570",2,0,1,0,0,0,0,0,0,0,0,0,0,0,1,4,5,3,3
"AT5G18660",0,1,1,1,0,1,0,1,0,0,1,1,1,3,0,1,2,1,3
"AT5G19140",0,0,0,5,3,6,3,2,6,0,6,2,3,6,6,1,4,0,3
"AT5G19220",0,0,0,0,3,2,1,0,0,0,0,0,0,1,1,1,4,0,3
"AT5G19750",0,2,1,0,1,0,0,0,0,0,0,0,0,0,0,0,0,2,2
"AT5G19875",4,1,0,0,2,0,0,1,0,0,0,0,1,1,0,4,4,1,5
"AT5G19940",0,2,1,0,1,0,0,0,0,1,0,0,0,0,2,2,1,0,1
"AT5G20000",0,0,1,1,2,4,2,0,10,1,4,1,6,7,0,0,0,0,6
"AT5G20010",1,1,1,2,0,0,0,0,0,0,1,0,0,2,1,0,1,1,4
"AT5G20160",0,2,1,0,2,0,0,0,2,0,3,0,2,0,2,0,3,1,2
"AT5G20270",0,0,0,1,2,1,0,0,1,0,0,0,2,0,3,1,2,0,5
"AT5G20290",0,0,0,1,0,0,0,0,0,0,1,0,0,1,1,1,1,0,2
"AT5G20400",3,1,0,2,1,1,1,3,4,2,1,1,3,2,1,3,3,0,3
"AT5G20700",1,0,1,1,3,0,1,1,0,0,0,1,0,0,1,2,1,0,2
"AT5G20910",2,0,0,1,1,0,3,1,0,0,0,2,0,0,0,1,2,1,6
"AT5G22440",0,0,0,1,1,0,1,0,0,2,0,3,0,0,1,0,2,1,2
"AT5G22650",10,2,1,3,7,1,1,6,2,4,0,3,1,3,6,13,10,13,2
"AT5G22880",2,0,0,1,2,1,1,2,0,1,0,2,0,2,1,4,3,0,3
"AT5G23010",0,0,0,1,1,3,1,0,6,0,4,0,3,6,3,0,1,0,3
"AT5G23120",4,1,2,6,5,4,3,2,0,1,2,2,1,2,5,6,7,2,1
"AT5G23240",2,2,2,3,1,7,1,1,6,2,5,1,8,4,2,1,1,2,1
"AT5G23540",1,0,1,0,2,2,2,1,0,0,0,0,0,1,2,1,1,0,6
"AT5G23740",1,1,2,0,2,1,0,0,1,2,4,0,5,6,2,5,3,1,2
"AT5G23750",4,1,2,0,2,0,0,1,0,1,0,0,0,1,2,8,5,0,4
"AT5G23830",0,0,0,2,2,3,0,0,2,0,2,0,0,0,0,0,0,0,2
"AT5G23900",0,0,0,1,2,1,2,0,0,0,2,2,2,1,2,1,0,0,2
"AT5G24030",2,0,2,1,1,0,0,1,0,1,0,1,0,0,0,3,1,5,5
"AT5G24314",1,1,1,1,1,1,1,0,0,0,0,2,3,0,0,2,1,0,3
"AT5G24380",1,0,1,1,1,3,2,2,1,1,4,1,2,2,3,2,2,0,6
"AT5G24470",1,1,0,0,2,0,0,1,0,2,0,3,0,0,2,2,1,2,1
"AT5G24490",0,0,0,2,0,4,1,0,6,0,3,2,6,5,0,0,0,0,1
"AT5G24610",3,0,0,0,4,0,0,4,0,0,0,0,0,0,3,3,1,1,1
"AT5G24930",1,1,0,6,5,5,1,0,8,1,4,1,5,7,4,1,2,0,5
"AT5G25110",1,0,0,0,0,0,0,0,0,1,0,0,0,0,0,1,0,2,6
"AT5G25220",2,9,3,5,4,2,4,1,8,4,8,3,4,7,4,5,5,1,6
"AT5G25280",1,0,1,0,0,0,0,1,0,1,0,0,0,0,1,3,2,1,6
"AT5G25980",0,0,0,3,0,2,2,0,3,0,3,0,3,2,0,0,0,0,1
"AT5G26270",1,2,0,4,2,3,4,0,5,1,2,1,7,4,1,1,1,0,2
"AT5G26280",1,2,0,1,1,0,2,0,1,1,1,1,0,1,1,1,1,0,2
"AT5G26570",0,0,0,4,0,5,1,1,7,0,5,1,5,7,1,1,2,0,3
"AT5G26770",0,0,0,2,1,8,1,0,5,0,6,0,5,8,2,0,1,0,5
"AT5G27120",6,0,0,3,1,0,1,5,1,3,0,0,0,0,4,8,9,1,2
"AT5G27380",1,0,0,1,1,0,2,2,1,1,2,2,0,2,2,2,1,2,2
"AT5G27770",2,0,0,4,1,3,3,2,3,1,2,1,3,4,0,1,3,1,2
"AT5G27850",0,0,0,4,4,1,4,0,4,0,3,2,5,3,1,0,3,4,2
"AT5G28060",0,1,0,2,2,6,2,0,6,0,6,1,2,10,1,0,0,0,2
"AT5G28500",3,2,6,3,3,7,4,1,4,3,5,8,4,6,4,6,9,6,3
"AT5G35360",0,1,0,3,0,2,3,0,2,0,3,3,2,0,1,0,0,0,3
"AT5G35530",0,0,0,1,0,5,1,0,8,0,7,0,4,10,0,0,0,0,2
"AT5G36790",3,0,0,3,1,2,1,5,1,1,1,1,0,1,2,3,3,2,1
"AT5G37260",3,0,0,1,0,0,0,3,0,2,0,0,0,0,2,4,3,0,6
"AT5G37540",1,2,1,1,4,0,1,1,0,1,0,1,0,0,5,1,5,0,5
"AT5G38020",0,0,0,2,0,2,4,0,2,0,4,3,2,1,1,0,2,0,3
"AT5G38410",0,0,0,2,1,0,1,0,3,0,1,0,1,4,0,0,0,0,3
"AT5G38430",1,0,0,1,1,1,0,1,2,1,1,3,1,1,0,1,1,0,2
"AT5G39080",0,1,1,0,1,1,1,1,4,0,2,2,2,5,1,1,2,0,6
"AT5G39570",4,0,2,4,1,5,1,2,4,0,5,1,4,4,0,3,2,4,5
"AT5G39610",3,0,0,1,4,0,1,1,2,0,1,2,1,1,1,3,2,1,6
"AT5G39740",0,0,0,2,2,0,0,0,0,0,0,0,0,0,0,1,3,0,2
"AT5G40240",1,0,0,2,1,1,4,1,1,0,0,3,0,0,2,2,3,1,3
"AT5G40580",2,0,0,1,1,2,0,2,0,0,1,0,1,1,0,2,2,0,4
"AT5G40730",2,1,2,5,1,2,4,0,3,1,2,3,1,2,1,2,1,2,1
"AT5G40800",0,0,0,0,2,0,1,0,0,0,0,1,0,0,2,1,1,0,5
"AT5G40850",1,2,2,0,1,0,0,1,0,3,0,0,0,0,0,2,1,5,3
"AT5G40890",2,0,0,0,0,0,0,2,1,2,0,1,0,0,1,3,3,1,6
"AT5G40950",2,0,0,1,2,2,2,1,1,1,0,0,5,1,2,1,0,0,3
"AT5G41070",2,1,1,0,2,0,0,1,0,0,0,1,0,0,3,3,3,2,4
"AT5G41520",1,1,1,0,0,0,0,0,0,4,1,0,1,0,0,3,3,0,2
"AT5G41670",1,0,1,1,0,0,0,1,0,0,1,2,1,2,3,2,3,2,3
"AT5G41800",2,0,0,2,3,0,0,0,0,0,0,0,0,0,3,4,5,0,6
"AT5G41900",1,0,0,1,0,5,2,1,2,0,3,1,2,2,0,1,1,0,5
"AT5G42380",3,1,0,2,1,1,2,0,3,0,0,2,1,0,2,3,4,1,5
"AT5G42570",1,1,0,0,0,1,0,1,0,0,0,0,0,0,0,2,1,1,5
"AT5G42800",1,0,1,3,0,5,1,1,3,1,5,2,4,3,2,1,3,0,4
"AT5G42860",0,0,0,3,1,0,3,1,2,0,0,2,0,1,3,2,3,3,2
"AT5G42900",2,1,0,4,3,4,2,1,2,0,5,2,2,2,4,2,2,1,1
"AT5G42980",0,0,1,1,0,2,3,0,4,0,4,1,2,3,2,0,0,0,6
"AT5G43060",1,0,0,2,2,2,0,1,6,1,4,1,3,4,0,1,1,1,1
"AT5G43260",0,0,0,3,1,0,2,0,1,0,1,0,0,1,0,0,1,0,6
"AT5G43430",0,1,1,1,2,2,1,0,1,1,0,2,0,0,0,0,1,1,6
"AT5G44050",2,0,1,2,2,1,2,3,4,1,5,1,1,4,3,5,4,3,3
"AT5G44310",1,1,0,0,8,0,0,0,0,0,0,0,0,0,2,2,7,3,6
"AT5G44550",0,2,1,0,1,0,0,0,0,0,0,0,0,0,0,0,0,1,1
"AT5G45510",0,2,0,0,1,2,0,0,2,1,2,0,0,2,3,0,1,0,3
"AT5G45680",0,0,0,1,3,1,1,0,0,0,0,2,1,0,1,0,2,1,1
"AT5G45950",0,0,0,1,0,0,2,0,1,0,0,1,1,2,0,0,0,0,6
"AT5G46110",2,2,0,0,1,0,0,2,0,1,1,0,0,0,0,2,3,2,1
"AT5G46180",0,1,0,1,2,1,0,1,1,0,0,0,1,0,2,2,1,0,6
"AT5G47040",1,0,0,5,0,7,3,1,5,0,5,2,7,4,1,2,1,0,5
"AT5G47120",0,1,0,1,2,0,1,0,1,0,0,0,0,0,2,0,3,0,5
"AT5G47180",3,0,0,3,8,0,1,1,1,1,2,3,0,0,5,3,4,1,6
"AT5G47190",2,1,0,0,2,0,0,1,0,1,0,0,0,1,1,2,3,2,3
"AT5G47200",3,1,1,4,3,0,1,3,0,2,0,0,0,1,3,4,5,2,6
"AT5G47210",2,3,5,0,2,0,0,1,0,2,0,1,0,0,0,2,2,4,2
"AT5G47330",1,0,1,1,2,0,0,2,1,1,0,0,0,0,5,2,2,1,5
"AT5G47560",0,1,1,0,1,0,0,0,0,1,0,0,0,0,0,2,0,1,6
"AT5G47610",0,0,0,3,2,1,1,0,3,0,0,2,0,2,3,1,2,2,4
"AT5G47650",1,0,1,0,2,0,0,0,0,3,0,0,0,0,1,2,2,1,6
"AT5G47700",1,2,2,0,0,0,1,1,0,2,0,0,0,0,0,1,2,1,2
"AT5G47990",2,1,1,0,2,0,0,0,0,2,1,1,0,0,1,5,2,3,1
"AT5G48000",0,0,0,1,0,0,4,0,0,1,2,1,0,1,1,0,1,0,1
"AT5G48010",0,1,1,2,0,3,2,0,3,1,1,2,2,1,0,0,0,0,1
"AT5G48570",1,0,0,3,1,3,2,0,5,1,1,0,3,3,0,1,1,1,4
"AT5G48930",1,1,0,1,0,0,1,0,1,0,1,1,0,2,1,0,1,0,4
"AT5G49280",1,6,2,0,1,0,0,1,1,1,2,0,0,2,3,3,5,0,5
"AT5G49480",0,0,1,3,0,2,2,0,3,0,1,2,4,5,2,0,0,0,4
"AT5G49520",0,0,0,2,3,3,3,0,2,1,1,0,3,1,3,4,3,5,5
"AT5G49700",3,2,0,5,8,4,2,2,5,2,1,3,2,2,6,4,6,2,6
"AT5G50240",0,0,0,1,2,0,0,1,1,0,0,1,0,1,1,0,2,1,6
"AT5G50450",1,0,0,2,1,1,1,0,1,0,0,1,0,0,2,2,3,1,1
"AT5G51070",2,1,1,2,0,0,2,1,0,1,0,0,0,0,0,5,3,0,6
"AT5G51100",0,2,0,4,2,5,2,0,3,0,2,2,3,4,1,1,0,1,3
"AT5G51110",2,1,0,0,0,0,0,0,0,2,0,0,0,1,2,2,3,0,3
"AT5G51820",1,1,0,1,2,0,0,1,0,1,1,1,0,0,1,4,4,1,3
"AT5G52050",1,0,0,0,1,3,1,2,1,1,0,0,2,0,1,2,1,0,5
"AT5G52300",1,3,2,0,0,0,0,1,0,0,1,0,0,0,2,3,4,0,5
"AT5G52310",3,9,5,0,1,0,0,3,0,1,1,0,0,0,3,7,8,0,5
"AT5G52450",0,1,1,1,3,0,3,1,0,0,0,0,1,1,3,3,4,0,4
"AT5G52570",1,0,0,1,1,4,3,2,0,1,0,2,2,1,1,2,2,0,5
"AT5G52640",5,0,0,1,1,0,0,3,0,1,0,2,0,0,2,7,6,5,4
"AT5G52650",0,0,0,2,3,4,3,0,3,0,8,3,3,5,0,2,1,0,2
"AT5G52900",2,1,0,4,4,5,1,1,5,2,1,3,3,3,3,2,3,0,5
"AT5G52970",1,1,0,0,1,0,4,0,0,1,1,5,0,0,1,2,0,0,1
"AT5G53120",2,0,0,1,2,1,0,2,2,0,1,2,1,2,6,2,3,1,6
"AT5G53450",4,1,1,0,5,0,0,4,2,0,0,1,0,1,3,4,6,3,1
"AT5G53460",0,2,0,3,3,1,2,0,3,0,0,2,2,1,3,0,1,0,2
"AT5G53870",2,1,2,3,3,3,3,4,1,3,2,1,2,2,7,6,7,0,4
"AT5G53970",2,1,1,1,1,1,2,3,0,1,0,4,2,0,2,3,5,1,6
"AT5G54240",1,3,2,5,3,1,3,0,2,0,3,3,1,1,0,2,3,2,6
"AT5G54300",3,3,0,1,0,1,1,2,0,0,0,0,1,0,1,4,4,3,5
"AT5G54380",2,0,0,0,3,1,1,0,3,2,1,1,2,1,2,5,3,2,4
"AT5G54600",1,0,0,1,1,1,2,1,2,1,0,0,1,1,1,1,3,0,1
"AT5G54770",1,0,1,4,1,3,3,1,5,0,0,0,3,5,3,2,2,1,3
"AT5G54810",2,0,1,4,1,2,4,1,3,1,3,1,1,0,0,2,3,1,1
"AT5G55050",0,0,0,4,4,4,0,0,2,0,2,2,3,1,1,0,0,0,4
"AT5G55180",2,1,1,0,0,1,0,1,1,1,0,1,1,0,2,2,2,1,6
"AT5G55280",0,0,0,0,1,0,0,0,1,0,0,1,0,1,1,2,1,0,2
"AT5G55850",2,0,1,6,3,2,1,2,3,0,5,2,4,4,5,3,2,0,6
"AT5G56710",0,0,0,0,0,0,1,0,1,0,0,0,0,1,3,0,1,0,2
"AT5G56950",4,0,1,1,3,0,0,3,2,1,0,0,0,1,2,5,3,3,2
"AT5G57050",1,0,0,2,2,0,2,0,1,0,0,1,1,0,1,1,1,1,5
"AT5G57110",0,0,0,2,1,0,1,2,0,0,0,0,0,0,2,1,0,0,1
"AT5G57290",1,4,2,0,2,0,0,2,0,1,0,0,0,0,2,3,4,1,2
"AT5G57610",2,1,1,4,1,4,3,1,5,1,4,1,5,6,1,3,3,1,6
"AT5G57630",1,0,0,0,1,0,0,0,0,0,0,1,0,0,1,1,4,1,1
"AT5G57800",2,0,0,2,1,0,1,1,0,1,1,3,0,0,2,1,2,0,4
"AT5G58070",2,1,1,3,2,1,0,2,1,0,0,1,1,1,1,5,3,2,6
"AT5G58250",1,0,0,0,2,0,1,0,0,1,0,1,0,0,0,1,0,0,3
"AT5G58290",3,0,2,2,1,1,0,2,1,1,2,0,1,1,1,4,5,3,6
"AT5G58420",0,0,0,3,0,2,0,0,1,0,3,1,1,1,0,0,0,0,2
"AT5G58570",2,0,1,1,0,0,1,2,1,0,1,2,1,3,3,2,2,1,4
"AT5G58770",3,1,0,2,0,0,0,1,1,1,1,0,1,0,0,3,4,1,4
"AT5G59220",4,5,2,0,1,0,0,2,0,0,0,0,1,1,1,4,4,1,5
"AT5G59310",0,0,0,0,2,0,1,0,2,0,3,2,0,1,0,0,0,1,6
"AT5G59320",0,0,0,3,0,3,4,0,3,0,2,3,4,3,3,1,0,1,6
"AT5G59520",2,2,1,0,0,0,0,2,0,0,0,1,1,1,2,2,3,2,1
"AT5G59970",1,0,0,1,2,1,1,0,0,0,1,0,0,0,1,2,1,0,3
"AT5G60100",0,0,0,3,0,0,3,0,1,0,1,2,1,0,0,0,0,0,3
"AT5G60360",3,0,1,2,3,0,1,2,0,3,0,2,0,0,4,2,6,1,5
"AT5G60390",1,0,0,2,0,1,0,0,2,0,1,1,1,2,1,1,0,0,2
"AT5G60540",2,0,0,2,0,3,8,2,2,1,0,4,5,1,2,2,2,2,2
"AT5G60670",0,0,0,0,0,0,0,0,0,0,0,0,0,0,2,0,1,0,2
"AT5G60680",0,0,0,3,0,3,4,1,2,0,1,2,3,2,3,0,1,0,5
"AT5G61380",2,1,1,0,2,0,4,0,0,1,0,6,1,1,2,4,4,2,1
"AT5G61560",1,0,2,1,3,2,2,2,1,0,1,4,0,0,4,3,3,2,6
"AT5G61590",3,1,0,0,1,0,0,2,0,1,0,0,0,0,1,3,3,3,1
"AT5G62020",1,0,1,0,0,0,0,1,0,0,0,0,0,0,0,2,2,1,6
"AT5G62190",6,4,4,0,3,0,0,5,0,3,0,0,0,0,1,7,7,3,2
"AT5G62360",0,0,0,3,1,1,3,1,1,0,0,2,2,0,1,1,0,0,3
"AT5G62470",3,0,1,0,1,0,0,4,2,1,2,0,2,3,3,7,6,3,5
"AT5G62520",1,0,0,0,0,0,0,2,0,1,0,2,0,0,1,2,1,1,5
"AT5G62720",1,2,1,1,1,1,0,1,2,1,1,0,2,2,0,1,1,0,3
"AT5G62810",0,0,2,2,2,0,1,2,0,4,0,1,1,0,1,4,4,0,4
"AT5G63160",2,0,0,2,0,4,2,0,4,0,2,1,0,1,1,0,4,0,5
"AT5G63310",1,1,0,2,4,0,1,0,1,2,0,3,0,0,5,5,1,4,3
"AT5G63780",1,0,0,4,0,4,3,1,1,0,1,0,3,1,1,1,1,0,2
"AT5G63810",1,2,1,1,1,0,0,1,0,0,1,1,1,0,1,3,0,1,1
"AT5G64040",1,0,1,1,0,1,1,0,0,0,0,1,0,0,0,1,2,2,1
"AT5G64100",0,0,1,1,0,0,0,0,1,1,1,0,2,1,0,0,0,0,1
"AT5G64170",1,1,0,2,1,1,3,0,1,0,0,2,1,3,1,1,1,0,1
"AT5G64310",2,0,1,2,3,3,3,1,3,2,2,3,4,4,3,5,3,1,5
"AT5G64430",0,4,3,0,0,0,0,0,0,0,0,0,0,0,0,1,0,1,5
"AT5G64740",0,0,0,4,2,6,4,1,4,0,3,2,7,5,4,2,4,0,3
"AT5G64750",2,6,2,2,3,3,1,1,5,2,5,4,3,5,2,4,5,2,5
"AT5G64840",1,0,0,3,1,7,2,1,5,1,2,2,4,4,3,1,2,0,6
"AT5G64860",1,0,0,0,2,0,1,0,0,0,0,0,0,0,3,3,1,0,3
"AT5G64940",4,1,0,1,1,1,3,3,1,3,0,1,0,0,0,4,5,2,4
"AT5G65110",1,1,0,1,1,0,0,0,0,2,1,0,0,0,0,1,0,1,6
"AT5G65220",3,2,1,0,2,0,0,1,0,1,0,0,0,0,0,4,2,3,1
"AT5G65390",1,6,2,0,1,0,0,0,2,2,2,0,2,1,3,3,1,0,4
"AT5G65470",2,0,1,1,2,0,0,3,0,2,0,0,0,1,2,2,2,0,5
"AT5G65870",0,0,0,2,1,1,1,0,0,0,0,1,0,0,1,0,2,0,4
"AT5G65990",0,1,0,1,1,0,1,1,1,1,1,1,0,0,1,2,2,3,6
"AT5G66190",1,0,0,1,0,0,2,1,0,1,0,0,1,0,0,1,3,0,1
"AT5G66400",3,2,3,0,0,0,0,0,0,0,0,1,0,0,0,2,2,1,6
"AT5G66530",1,0,0,0,0,0,0,1,1,2,1,0,0,1,3,2,4,1,3
"AT5G66570",0,0,0,0,0,0,0,1,0,0,0,0,0,0,2,1,3,1,1
"AT5G66690",2,0,0,1,0,1,1,0,1,0,4,2,2,1,0,2,1,2,3
"AT5G67300",0,0,0,3,0,1,1,0,2,0,3,2,0,2,0,0,0,0,5
"AT5G67360",4,2,0,1,2,0,0,3,1,1,0,2,0,0,5,6,6,0,4
"AT5G67510",1,0,0,3,1,2,3,0,7,0,2,1,3,6,0,0,1,1,2
